fdcId,portion,g_weight
167634,3 oz,85.05
167636,1 piece,186
167638,3 oz,85.05
167639,3 oz,85.05
167642,3 oz,85.05
167643,3 oz,85.05
167645,3 oz,85.05
167647,3 oz,85.05
167648,3 oz,85.05
167649,3 oz,85.05
167650,3 oz,85.05
167651,3 oz,85.05
167652,3 oz,85.05
167653,1 oz,28.35
167654,3 oz,85.05
168020,3 oz,85.05
168038,1/4 cup,30.5
168039,1/4 cup,30.5
168041,1 slice,29
168043,1 serving,411
168044,1 serving,303
168045,3 oz,85.05
168046,3 oz,85.05
168051,3 oz,85.05
168052,3 oz,85.05
168053,3 oz,85.05
168055,3 oz,85.05
168056,3 oz,85.05
168057,3 oz,85.05
168061,1 serving,303
169795,3 oz,85.05
169812,3 oz,85.05
169814,not provided,100
168975,4 tbsp,18
170941,1 jar (4 oz),113
170964,0.5 oz,15
170965,0.5 oz,15
170966,1 jar,113
170967,1 jar,170
170969,0.5 oz,15
170970,1 jar,113
170971,1 jar,113
170974,0.5 oz,15
170977,1 jar,113
170989,1 jar,113
170998,1 bottle,140
170999,1 jar,113
171001,4 biscuits,8
171334,1 jar,170
171361,0.5 oz,15
171362,1 jar,113
171363,1 jar,170
171364,1 jar,170
172246,1 jar,113
172247,1 jar,113
172248,1 jar,170
172249,1 jar,71
172250,1 jar,113
172252,not provided,7
172255,1 jar,113
172260,1 jar,170
172262,1 jar,170
172270,1 jar,170
172271,1 jar,113
172272,1 jar,170
172276,1 jar,113
172277,1 jar,170
172280,1 jar,113
172283,1 jar,170
172284,1 jar,113
172296,1 oz,28.35
172297,1 oz,28.35
172299,1 oz,28.35
172317,1 jar,113
173477,1 bar,36
173478,1 packet,28
173480,1 jar,170
173482,1 jar,170
173483,1 jar,113
173484,1 jar,170
173485,1 bar,9.9
173486,1 jar,71
173487,1 serving,99
173489,1 jar,170
173491,1 jar,170
173493,1 jar,170
173494,1 jar,113
173495,1 jar,170
173497,1 jar,170
173505,1 jar,113
173506,1 jar,113
173507,1 jar,170
173515,1 jar,113
173516,1 jar,170
173520,1 serving,7
173528,1 oz,28.35
173529,1 oz,28.35
173530,1 oz,28.35
173531,1 oz,28.35
173534,1 oz,28.35
167516,1 waffle,38
167517,1 waffle,33
167521,1/16 pie crust,12.38
167522,1 slice,117
167523,1/16 pie crust,12.38
167524,1 waffle,35
167526,1 slice,55
167527,1 slice,55
167535,1 slice,49
167598,1 slice,28
167925,5 crackers,36.25
167927,1 piece,53
167929,1 muffin,66
167930,1/16 pie crust,12.38
167931,1/16 pie crust,12.38
167932,1/16 pie crust,12.38
167933,5 crackers,36.25
167934,5 crackers,36.25
167939,1 slice,29
167940,1 bun,65
167941,5 crackers,36.25
167943,1 slice,29
168013,1 slice,29
168014,1 cookie,12.2
168126,1 slice,29
171835,1 cookie,12.2
171836,1 cookie,12.2
171837,1 cookie,12.2
171838,5 crackers,36.25
172664,1 bagel,81
172665,1 bagel,81
172666,1 bagel,81
172667,1 slice,29
172668,1 slice,29
172670,1 slice,29
172671,1 slice,29
172672,1 slice,29
172673,1 slice,29
172674,1 slice,29
172676,1 slice,29
172677,1 slice,29
172678,1 slice,29
172679,1 slice,29
172680,1 slice,29
172681,1 slice,29
172682,1 slice,29
172683,1 slice,29
172684,1 slice,29
172685,1 slice,29
172687,1 slice,29
172689,1 slice,29
172690,1 slice,29
172691,1 slice,29
172692,0.5 cup,100
172693,0.5 cup,100
172694,1 slice,67
172695,1 slice,67
172696,1 piece,92
172697,1 slice,67
172698,1 slice,67
172699,1 slice,67
172700,1 slice,67
172701,1 slice,67
172702,1 slice,67
172703,1 slice,67
172704,1 slice,67
172705,1 slice,67
172706,1 slice,67
172707,1 slice,67
172708,1 slice,67
172709,1 slice,67
172710,1 slice,67
172711,1 slice,67
172712,1 slice,67
172713,1 cookie,12.2
172714,1 cookie,12.2
172715,1 cookie,12.2
172716,1 cookie,12.2
172717,1 cookie,12.2
172718,1 cookie,12.2
172719,1 cookie,12.2
172721,1 cookie,12.2
172722,1 cookie,12.2
172723,1 cookie,12.2
172724,1 cookie,12.2
172725,1 cookie,12.2
172726,1 cookie,12.2
172727,1 cookie,12.2
172728,1 cookie,12.2
172729,1 cookie,16
172730,1 cookie,12.2
172731,1 cookie,12.2
172732,1 cookie,12.2
172733,1 cookie,12.2
172734,1 cookie,12.2
172735,1 cookie,12.2
172736,1 cookie,12.2
172737,1 cookie,12.2
172738,1 shell,40
172739,5 crackers,36.25
172740,5 crackers,36.25
172741,5 crackers,36.25
172742,5 crackers,36.25
172743,5 crackers,36.25
172746,5 crackers,36.25
172747,5 crackers,36.25
172748,5 crackers,36.25
172749,5 crackers,36.25
172750,5 crackers,36.25
172751,1/2 cup,15
172752,1/2 cup,15
172753,1 pastry,71
172754,1 pastry,71
172755,1 pastry,71
172756,1 doughnut,45
172757,1 doughnut,45
172758,1 doughnut,45
172759,1 doughnut,45
172760,1 muffin,66
172761,1 muffin,66
172762,1 muffin,66
172763,1 piece,59
172764,1 muffin,66
172765,1 muffin,66
172766,1 muffin,66
172767,1 muffin,66
172768,1 muffin,66
172769,1 muffin,66
172770,1 muffin,66
172771,1 pancake,40
172772,1 pancake,77
172773,1 pancake,77
172774,1 pancake,77
172775,1 pancake,77
172776,1 pancake,77
172777,1 slice,117
172778,1 slice,117
172779,1 slice,117
172780,1 slice,117
172781,1 slice,117
172782,1 slice,117
172783,1 slice,117
172784,1 slice,117
172785,1 slice,117
172786,1 slice,117
172787,1 slice,117
172788,1 slice,117
172789,1 slice,117
172790,1 shell,47
172791,1 sheet,19
172792,1 oz,28.35
172793,1 slice,29
172794,1 slice,29
172795,1 slice,29
172797,1 slice,29
172798,1 roll,30
172799,1 roll,30
172800,1 shell,12.9
172802,1 oz,28.35
172806,0.5 cup,60
172807,1 cookie,12.2
172808,1 cookie,12.2
172809,1 slice,29
172810,1 slice,29
172811,1/16 pie crust,12.38
172812,5 crackers,36.25
172813,1/16 pie crust,12.38
172814,1/16 pie crust,12.38
172815,1 slice,29
172816,1 slice,29
172817,1 slice,29
172818,1 slice,29
172819,1 cookie,12.2
172820,1 cookie,12.2
172821,1 ladyfinger,11
172822,5 crackers,36.25
172823,5 crackers,36.25
172824,1 pastry,71
172825,1 pastry,71
172826,1 slice,29
172827,1 pastry,71
172828,1 muffin,57
173238,1 muffin,57
173239,1 slice,117
173240,1 slice,117
173241,1 slice,29
173242,1 slice,29
173243,1 slice,67
173244,1 slice,67
174079,1 cookie,12.2
174080,1 cookie,12.2
174081,1 slice,29
174101,1 slice,29
174107,1 slice,29
174900,1 bagel,81
174901,1 bagel,81
174902,1 slice,29
174903,1 slice,29
174904,1 slice,29
174905,1 slice,29
174906,1 slice,29
174907,1 slice,29
174908,1 slice,29
174909,1 slice,29
174910,1 slice,29
174911,1 slice,29
174912,1 slice,29
174914,1 slice,29
174915,1 slice,29
174916,1 slice,29
174917,1 slice,29
174918,1 slice,29
174919,1 slice,29
174920,1 slice,29
174922,1 slice,29
174923,1 slice,29
174925,1 slice,29
174926,1 slice,29
174927,1 slice,29
174928,0.5 cup,54
174929,1 slice,29
174930,0.5 cup,100
174931,1 slice,29
174932,1 slice,67
174933,1 slice,67
174934,1 slice,67
174935,1 slice,67
174936,1 slice,67
174937,1 slice,67
174938,1 slice,67
174939,1 slice,67
174940,1 slice,67
174941,1 slice,67
174942,1 slice,67
174943,1 slice,67
174945,1 slice,67
174946,1 slice,67
174947,1 slice,67
174948,1 cookie,12.2
174949,1 cookie,12.2
174950,1 cookie,12.2
174951,1 cookie,12.2
174952,1 cookie,12.2
174953,1 cookie,12.2
174954,1 cookie,12.2
174955,1 cookie,12.2
174956,1 cookie,12.2
174958,1 cookie,12.2
174959,1 ladyfinger,11
174960,1 cookie,12.2
174961,1 cookie,12.2
174962,1 cookie,12.2
174964,1 cookie,12.2
174965,1 cookie,12.2
174966,1 cookie,12.2
174968,1 cookie,12.2
174969,1 cookie,12.2
174970,1 cookie,12.2
174971,1 cookie,12.2
174972,1 cookie,12.2
174973,1 cookie,12.2
174974,1 cookie,12.2
174975,5 crackers,36.25
174976,5 crackers,36.25
174977,5 crackers,36.25
174978,5 crackers,36.25
174979,5 crackers,36.25
174980,5 crackers,36.25
174981,5 crackers,36.25
174982,5 crackers,36.25
174983,5 crackers,36.25
174984,5 crackers,36.25
174985,5 crackers,36.25
174986,1 shell,66
174987,1 croissant,57
174988,1 croissant,57
174989,1 croissant,57
174991,1 doughnut,45
174992,1 doughnut,45
174993,1 doughnut,45
174994,1 muffin,66
174995,1 muffin,66
174996,1 muffin,66
174997,1 muffin,66
174998,1 slice,65
174999,1 hush puppy,22
175000,1 cone,4
175001,1 cone,10
175002,1 muffin,66
175003,1 muffin,66
175004,1 muffin,66
175005,1 muffin,66
175006,1 pancake,77
175007,1 pancake,77
175008,1 pancake,77
175009,1 pancake,77
175010,1 pancake,77
175011,1 slice,117
175012,1 slice,117
175013,1 slice,117
175015,1 slice,117
175016,1 slice,117
175017,1 slice,117
175018,1 slice,117
175019,1 slice,117
175020,1 slice,117
175021,1 slice,117
175022,1/16 pie crust,12.38
175023,1/16 pie crust,12.38
175024,1/16 pie crust,12.38
175025,1/16 pie crust,12.38
175026,1/16 pie crust,12.38
175027,1 slice,29
175028,1 slice,29
175029,1 slice,29
175030,1 slice,29
175031,1 slice,29
175032,1 piece,71
175033,1 roll,66
175034,1 roll,66
175036,1 slice,29
175037,1 slice,29
175038,1 waffle,75
175039,1 waffle,75
175042,1 tsp,4.6
175043,1 tsp,4.6
175044,1 slice,29
175045,1 muffin,66
175046,1 muffin,66
175047,1 pancake,77
175048,1 waffle,75
175049,1 bagel,81
175050,1 bagel,81
175051,1 bagel,81
175052,1 slice,67
175053,1 slice,67
175054,1 slice,67
175055,1 slice,67
175056,5 crackers,36.25
175057,5 crackers,36.25
175058,5 crackers,36.25
175059,5 crackers,36.25
175060,5 crackers,36.25
175061,1 pastry,71
175062,1 doughnut,45
175063,1 muffin,57
175064,1 slice,117
175065,1/16 pie crust,12.38
175066,1 oz,28.35
175067,1 shell,13
175068,5 crackers,36.25
168605,1 tbsp,12.8
168606,1 tbsp,12.8
168607,3 oz,85.05
168609,3 oz,85.05
168610,3 oz,85.05
168611,3 oz,85.05
168612,3 oz,85.05
168613,3 oz,85.05
168614,3 oz,85.05
168615,3 oz,85.05
168616,3 oz,85.05
168617,3 oz,85.05
168618,3 oz,85.05
168619,3 oz,85.05
168620,3 oz,85.05
168621,3 oz,85.05
168623,3 oz,85.05
168626,3 oz,85.05
168627,3 oz,85.05
168628,3 oz,85.05
168629,3 oz,85.05
168630,3 oz,85.05
168631,3 oz,85.05
168632,3 oz,85.05
168633,3 oz,85.05
168634,3 oz,85.05
168635,3 oz,85.05
168636,3 oz,85.05
168637,3 oz,85.05
168638,3 oz,85.05
168639,3 oz,85.05
168640,3 oz,85.05
168641,3 oz,85.05
168642,3 oz,85.05
168643,3 oz,85.05
168644,3 oz,85.05
168645,3 oz,85.05
168646,3 oz,85.05
168647,3 oz,85.05
168648,3 oz,85.05
168649,3 oz,85.05
168650,3 oz,85.05
168651,3 oz,85.05
168652,3 oz,85.05
168653,3 oz,85.05
168654,3 oz,85.05
168655,3 oz,85.05
168656,3 oz,85.05
168657,3 oz,85.05
168658,3 oz,85.05
168659,3 oz,85.05
168660,3 oz,85.05
168661,3 oz,85.05
168662,3 oz,85.05
168663,3 oz,85.05
168664,3 oz,85.05
168665,3 oz,85.05
168666,3 oz,85.05
168667,3 oz,85.05
168668,3 oz,85.05
168669,3 oz,85.05
168670,3 oz,85.05
168671,3 oz,85.05
168672,3 oz,85.05
168673,3 oz,85.05
168674,3 oz,85.05
168675,3 oz,85.05
168676,3 oz,85.05
168677,3 oz,85.05
168678,3 oz,85.05
168679,3 oz,85.05
168680,3 oz,85.05
168681,3 oz,85.05
168682,3 oz,85.05
168683,3 oz,85.05
168684,3 oz,85.05
168685,3 oz,85.05
168686,3 oz,85.05
168687,3 oz,85.05
168688,3 oz,85.05
168689,3 oz,85.05
168690,3 oz,85.05
168691,3 oz,85.05
168692,3 oz,85.05
168693,3 oz,85.05
168694,3 oz,85.05
168695,3 oz,85.05
168696,3 oz,85.05
168697,3 oz,85.05
168698,3 oz,85.05
168699,3 oz,85.05
168700,3 oz,85.05
168701,3 oz,85.05
168702,3 oz,85.05
168703,3 oz,85.05
168704,3 oz,85.05
168705,3 oz,85.05
168706,3 oz,85.05
168707,3 oz,85.05
168708,3 oz,85.05
168709,3 oz,85.05
168710,3 oz,85.05
168711,3 oz,85.05
168712,3 oz,85.05
168713,3 oz,85.05
168714,3 oz,85.05
168715,3 oz,85.05
168716,3 oz,85.05
168717,3 oz,85.05
168718,3 oz,85.05
168719,3 oz,85.05
168720,3 oz,85.05
168721,3 oz,85.05
168722,3 oz,85.05
168723,3 oz,85.05
168724,3 oz,85.05
168725,3 oz,85.05
168726,3 oz,85.05
168727,3 oz,85.05
168728,3 oz,85.05
168729,3 oz,85.05
168730,3 oz,85.05
168731,3 oz,85.05
168732,3 oz,85.05
168733,3 oz,85.05
168734,3 oz,85.05
168735,3 oz,85.05
168736,3 oz,85.05
168737,3 oz,85.05
168738,3 oz,85.05
168739,3 oz,85.05
168740,3 oz,85.05
168741,3 oz,85.05
168742,3 oz,85.05
168743,3 oz,85.05
168744,3 oz,85.05
168745,3 oz,85.05
169430,3 oz,85.05
169431,3 oz,85.05
169432,3 oz,85.05
169433,3 oz,85.05
169434,3 oz,85.05
169435,3 oz,85.05
169436,3 oz,85.05
169437,3 oz,85.05
169438,3 oz,85.05
169439,3 oz,85.05
169440,3 oz,85.05
169441,3 oz,85.05
169442,3 oz,85.05
169443,3 oz,85.05
169444,3 oz,85.05
169445,3 oz,85.05
169446,3 oz,85.05
169451,3 oz,85.05
169452,3 oz,85.05
169453,3 oz,85.05
169454,3 oz,85.05
169455,3 oz,85.05
169456,3 oz,85.05
169457,3 oz,85.05
169458,3 oz,85.05
169459,3 oz,85.05
169460,3 oz,85.05
169461,3 oz,85.05
169462,3 oz,85.05
169463,3 oz,85.05
169464,3 oz,85.05
169465,3 oz,85.05
169466,3 oz,85.05
169467,3 oz,85.05
169468,3 oz,85.05
169469,3 oz,85.05
169470,3 oz,85.05
169471,3 oz,85.05
169472,3 oz,85.05
169473,3 oz,85.05
169474,3 oz,85.05
169475,3 oz,85.05
169476,3 oz,85.05
169477,3 oz,85.05
169478,3 oz,85.05
169479,3 oz,85.05
169480,3 oz,85.05
169481,3 oz,85.05
169482,3 oz,85.05
169483,3 oz,85.05
169484,3 oz,85.05
169485,3 oz,85.05
169486,3 oz,85.05
169487,3 oz,85.05
169488,3 oz,85.05
169489,3 oz,85.05
169490,3 oz,85.05
169491,3 oz,85.05
169492,3 oz,85.05
169493,3 oz,85.05
169494,3 oz,85.05
169495,3 oz,85.05
169496,3 oz,85.05
169497,3 oz,85.05
169498,3 oz,85.05
169499,3 oz,85.05
169500,3 oz,85.05
169501,3 oz,85.05
169502,3 oz,85.05
169503,3 oz,85.05
169504,3 oz,85.05
169505,3 oz,85.05
169506,3 oz,85.05
169507,3 oz,85.05
169508,3 oz,85.05
169509,3 oz,85.05
169510,3 oz,85.05
169511,3 oz,85.05
169512,3 oz,85.05
169513,3 oz,85.05
169514,3 oz,85.05
169515,3 oz,85.05
169516,3 oz,85.05
169517,3 oz,85.05
169518,3 oz,85.05
169519,3 oz,85.05
169520,3 oz,85.05
169521,3 oz,85.05
169522,3 oz,85.05
169523,3 oz,85.05
169524,3 oz,85.05
169525,3 oz,85.05
169526,3 oz,85.05
169527,3 oz,85.05
169528,3 oz,85.05
169529,3 oz,85.05
169530,3 oz,85.05
169531,3 oz,85.05
169532,3 oz,85.05
169533,3 oz,85.05
169534,3 oz,85.05
169535,3 oz,85.05
169536,3 oz,85.05
169537,3 oz,85.05
169538,3 oz,85.05
169539,3 oz,85.05
169540,3 oz,85.05
169541,3 oz,85.05
169542,3 oz,85.05
169543,3 oz,85.05
169544,3 oz,85.05
169545,3 oz,85.05
169546,3 oz,85.05
169547,3 oz,85.05
169548,3 oz,85.05
169549,3 oz,85.05
169550,3 oz,85.05
169551,3 oz,85.05
169552,3 oz,85.05
169553,3 oz,85.05
169554,3 oz,85.05
169555,3 oz,85.05
169556,3 oz,85.05
169557,3 oz,85.05
169558,3 oz,85.05
169559,3 oz,85.05
169560,3 oz,85.05
169561,3 oz,85.05
169562,3 oz,85.05
169563,3 oz,85.05
169564,3 oz,85.05
169565,3 oz,85.05
169566,3 oz,85.05
169567,3 oz,85.05
169568,3 oz,85.05
169569,3 oz,85.05
169570,3 oz,85.05
169571,3 oz,85.05
170193,3 oz,85.05
170194,3 oz,85.05
170195,3 oz,85.05
170196,3 oz,85.05
170197,3 oz,85.05
170198,3 oz,85.05
170199,3 oz,85.05
170200,3 oz,85.05
170201,3 oz,85.05
170203,3 oz,85.05
170205,3 oz,85.05
170206,3 oz,85.05
170207,3 oz,85.05
170208,3 oz,85.05
170209,3 oz,85.05
170210,3 oz,85.05
170211,3 oz,85.05
170212,3 oz,85.05
170213,3 oz,85.05
170214,3 oz,85.05
170215,3 oz,85.05
170216,3 oz,85.05
170217,3 oz,85.05
170218,3 oz,85.05
170219,3 oz,85.05
170220,3 oz,85.05
170221,3 oz,85.05
170222,3 oz,85.05
170223,3 oz,85.05
170224,3 oz,85.05
170225,3 oz,85.05
170226,3 oz,85.05
170227,3 oz,85.05
170228,3 oz,85.05
170229,3 oz,85.05
170230,3 oz,85.05
170231,3 oz,85.05
170232,3 oz,85.05
170233,3 oz,85.05
170234,3 oz,85.05
170235,3 oz,85.05
170236,3 oz,85.05
170237,3 oz,85.05
170238,3 oz,85.05
170239,3 oz,85.05
170240,3 oz,85.05
170597,3 oz,85.05
170600,3 oz,85.05
170601,3 oz,85.05
170603,3 oz,85.05
170605,3 oz,85.05
170608,3 oz,85.05
170609,3 oz,85.05
170610,3 oz,85.05
170611,3 oz,85.05
170612,3 oz,85.05
170613,3 oz,85.05
170614,3 oz,85.05
170615,3 oz,85.05
170616,3 oz,85.05
170617,3 oz,85.05
170618,3 oz,85.05
170619,3 oz,85.05
170620,3 oz,85.05
170621,3 oz,85.05
170622,3 oz,85.05
170623,3 oz,85.05
170624,3 oz,85.05
170625,3 oz,85.05
170626,3 oz,85.05
170627,3 oz,85.05
170628,3 oz,85.05
170629,3 oz,85.05
170630,3 oz,85.05
170631,3 oz,85.05
170632,3 oz,85.05
170633,3 oz,85.05
170634,3 oz,85.05
170635,3 oz,85.05
170636,3 oz,85.05
170637,3 oz,85.05
170638,3 oz,85.05
170639,3 oz,85.05
170640,3 oz,85.05
170641,3 oz,85.05
170642,3 oz,85.05
170643,3 oz,85.05
170783,3 oz,85.05
170796,3 oz,85.05
170797,3 oz,85.05
170798,3 oz,85.05
170799,3 oz,85.05
170800,3 oz,85.05
170801,3 oz,85.05
170802,3 oz,85.05
170803,3 oz,85.05
170804,3 oz,85.05
170805,3 oz,85.05
170806,3 oz,85.05
170807,3 oz,85.05
170808,3 oz,85.05
170809,3 oz,85.05
170810,3 oz,85.05
170811,3 oz,85.05
170812,3 oz,85.05
170813,3 oz,85.05
170814,3 oz,85.05
170815,3 oz,85.05
170816,3 oz,85.05
170817,3 oz,85.05
170818,3 oz,85.05
170819,3 oz,85.05
170820,3 oz,85.05
170821,3 oz,85.05
170822,3 oz,85.05
170823,3 oz,85.05
170824,3 oz,85.05
170825,3 oz,85.05
170826,3 oz,85.05
170827,3 oz,85.05
170828,3 oz,85.05
170829,3 oz,85.05
170830,3 oz,85.05
170831,3 oz,85.05
170832,3 oz,85.05
170833,3 oz,85.05
170834,3 oz,85.05
170835,3 oz,85.05
170836,3 oz,85.05
170837,3 oz,85.05
170838,3 oz,85.05
170839,3 oz,85.05
170840,3 oz,85.05
170841,3 oz,85.05
170842,3 oz,85.05
171193,3 oz,85.05
171194,3 oz,85.05
171195,3 oz,85.05
171196,3 oz,85.05
171197,3 oz,85.05
171198,3 oz,85.05
171199,3 oz,85.05
171200,3 oz,85.05
171201,3 oz,85.05
171202,3 oz,85.05
171203,3 oz,85.05
171204,3 oz,85.05
171205,3 oz,85.05
171206,3 oz,85.05
171207,3 oz,85.05
171208,3 oz,85.05
171209,3 oz,85.05
171210,3 oz,85.05
171211,3 oz,85.05
171212,3 oz,85.05
171213,3 oz,85.05
171214,3 oz,85.05
171215,3 oz,85.05
171216,3 oz,85.05
171217,3 oz,85.05
171218,3 oz,85.05
171219,3 oz,85.05
171220,3 oz,85.05
171221,3 oz,85.05
171222,3 oz,85.05
171223,3 oz,85.05
171224,3 oz,85.05
171225,3 oz,85.05
171226,3 oz,85.05
171227,3 oz,85.05
171228,3 oz,85.05
171229,3 oz,85.05
171230,3 oz,85.05
171231,3 oz,85.05
171232,3 oz,85.05
171233,3 oz,85.05
171234,3 oz,85.05
171235,3 oz,85.05
171236,3 oz,85.05
171237,3 oz,85.05
171238,3 oz,85.05
171239,3 oz,85.05
171732,3 oz,85.05
171733,3 oz,85.05
171734,3 oz,85.05
171735,3 oz,85.05
171736,3 oz,85.05
171737,3 oz,85.05
171738,3 oz,85.05
171739,3 oz,85.05
171740,3 oz,85.05
171741,3 oz,85.05
171742,3 oz,85.05
171743,3 oz,85.05
171744,3 oz,85.05
171745,3 oz,85.05
171746,3 oz,85.05
171747,3 oz,85.05
171748,3 oz,85.05
171749,3 oz,85.05
171750,3 oz,85.05
171751,3 oz,85.05
171752,3 oz,85.05
171753,3 oz,85.05
171754,3 oz,85.05
171755,3 oz,85.05
171756,3 oz,85.05
171757,3 oz,85.05
171758,3 oz,85.05
171759,3 oz,85.05
171760,3 oz,85.05
171761,3 oz,85.05
171762,3 oz,85.05
171763,3 oz,85.05
171764,3 oz,85.05
171765,3 oz,85.05
171766,3 oz,85.05
171767,3 oz,85.05
171768,3 oz,85.05
171769,3 oz,85.05
171770,3 oz,85.05
171771,3 oz,85.05
171772,3 oz,85.05
171773,3 oz,85.05
171774,3 oz,85.05
171775,3 oz,85.05
171776,3 oz,85.05
171777,3 oz,85.05
171778,3 oz,85.05
171779,3 oz,85.05
171780,3 oz,85.05
171781,3 oz,85.05
171782,3 oz,85.05
171783,3 oz,85.05
171784,3 oz,85.05
171785,3 oz,85.05
171786,3 oz,85.05
171787,3 oz,85.05
171788,3 oz,85.05
171789,3 oz,85.05
171790,3 oz,85.05
171791,3 oz,85.05
171792,3 oz,85.05
171793,3 oz,85.05
171794,3 oz,85.05
171795,3 oz,85.05
171796,3 oz,85.05
171797,3 oz,85.05
171798,3 oz,85.05
171799,3 oz,85.05
171800,3 oz,85.05
171801,3 oz,85.05
171802,3 oz,85.05
171803,3 oz,85.05
171804,3 oz,85.05
171805,3 oz,85.05
171806,3 oz,85.05
171807,3 oz,85.05
171808,3 oz,85.05
171809,3 oz,85.05
171810,3 oz,85.05
171811,3 oz,85.05
171812,3 oz,85.05
171813,3 oz,85.05
171814,3 oz,85.05
171815,3 oz,85.05
171816,3 oz,85.05
171817,3 oz,85.05
171818,3 oz,85.05
171819,3 oz,85.05
171820,3 oz,85.05
172115,3 oz,85.05
172116,3 oz,85.05
172117,3 oz,85.05
172118,3 oz,85.05
172119,3 oz,85.05
172120,3 oz,85.05
172121,3 oz,85.05
172122,3 oz,85.05
172123,3 oz,85.05
172124,3 oz,85.05
172125,3 oz,85.05
172126,3 oz,85.05
172127,3 oz,85.05
172128,3 oz,85.05
172129,3 oz,85.05
172130,3 oz,85.05
172131,3 oz,85.05
172132,3 oz,85.05
172133,3 oz,85.05
172134,3 oz,85.05
172135,3 oz,85.05
172136,3 oz,85.05
172137,3 oz,85.05
172138,3 oz,85.05
172139,3 oz,85.05
172140,3 oz,85.05
172141,3 oz,85.05
172142,3 oz,85.05
172143,3 oz,85.05
172144,3 oz,85.05
172146,3 oz,85.05
172147,3 oz,85.05
172148,3 oz,85.05
172149,3 oz,85.05
172150,3 oz,85.05
172151,3 oz,85.05
172152,3 oz,85.05
172153,3 oz,85.05
172154,3 oz,85.05
172155,3 oz,85.05
172156,3 oz,85.05
172157,3 oz,85.05
172158,3 oz,85.05
172159,3 oz,85.05
172160,3 oz,85.05
172161,3 oz,85.05
172162,3 oz,85.05
172163,3 oz,85.05
172164,3 oz,85.05
172165,3 oz,85.05
172166,3 oz,85.05
172167,3 oz,85.05
172168,3 oz,85.05
172169,3 oz,85.05
172170,3 oz,85.05
172171,3 oz,85.05
172172,3 oz,85.05
172173,3 oz,85.05
172174,3 oz,85.05
173046,3 oz,85.05
173047,3 oz,85.05
173048,3 oz,85.05
173049,3 oz,85.05
173050,3 oz,85.05
173051,3 oz,85.05
173052,3 oz,85.05
173053,3 oz,85.05
173054,3 oz,85.05
173055,3 oz,85.05
173056,3 oz,85.05
173057,3 oz,85.05
173058,3 oz,85.05
173059,3 oz,85.05
173060,3 oz,85.05
173061,3 oz,85.05
173062,3 oz,85.05
173063,3 oz,85.05
173064,3 oz,85.05
173065,3 oz,85.05
173066,3 oz,85.05
173067,3 oz,85.05
173068,3 oz,85.05
173069,3 oz,85.05
173070,3 oz,85.05
173071,3 oz,85.05
173072,3 oz,85.05
173073,3 oz,85.05
173074,3 oz,85.05
173075,3 oz,85.05
173076,3 oz,85.05
173077,3 oz,85.05
173078,3 oz,85.05
173079,3 oz,85.05
173080,3 oz,85.05
173081,3 oz,85.05
173082,1 tbsp,12.8
173083,1 tbsp,12.8
173084,3 oz,85.05
173085,3 oz,85.05
173086,3 oz,85.05
173087,3 oz,85.05
173088,3 oz,85.05
173089,3 oz,85.05
173090,1 tbsp,12.8
173091,1 tbsp,12.8
173092,3 oz,85.05
173093,3 oz,85.05
173094,3 oz,85.05
173095,3 oz,85.05
173096,3 oz,85.05
173097,3 oz,85.05
173098,3 oz,85.05
173099,3 oz,85.05
173100,3 oz,85.05
173101,3 oz,85.05
173102,3 oz,85.05
173103,3 oz,85.05
173104,3 oz,85.05
173105,3 oz,85.05
173106,3 oz,85.05
173107,3 oz,85.05
173108,3 oz,85.05
173109,3 oz,85.05
173110,3 oz,85.05
173111,3 oz,85.05
173112,3 oz,85.05
173113,3 oz,85.05
173114,3 oz,85.05
173115,3 oz,85.05
173116,3 oz,85.05
173117,3 oz,85.05
173118,3 oz,85.05
173119,3 oz,85.05
173120,3 oz,85.05
173121,3 oz,85.05
173122,3 oz,85.05
173123,3 oz,85.05
173124,3 oz,85.05
173125,3 oz,85.05
173126,3 oz,85.05
173127,3 oz,85.05
173128,3 oz,85.05
173129,3 oz,85.05
173130,3 oz,85.05
173349,3 oz,85.05
173350,3 oz,85.05
173351,3 oz,85.05
173352,3 oz,85.05
173353,3 oz,85.05
173354,3 oz,85.05
173355,3 oz,85.05
173356,3 oz,85.05
173357,3 oz,85.05
173358,3 oz,85.05
173359,3 oz,85.05
173360,3 oz,85.05
173361,3 oz,85.05
173362,3 oz,85.05
173363,3 oz,85.05
173364,3 oz,85.05
173365,3 oz,85.05
173366,3 oz,85.05
173367,3 oz,85.05
173368,3 oz,85.05
173369,3 oz,85.05
173370,3 oz,85.05
173371,3 oz,85.05
173372,3 oz,85.05
173373,3 oz,85.05
173374,3 oz,85.05
173375,3 oz,85.05
173376,3 oz,85.05
173377,3 oz,85.05
173378,3 oz,85.05
173379,3 oz,85.05
173380,3 oz,85.05
173381,3 oz,85.05
173382,3 oz,85.05
173383,3 oz,85.05
173384,3 oz,85.05
173385,3 oz,85.05
173386,3 oz,85.05
173387,3 oz,85.05
173388,3 oz,85.05
173389,3 oz,85.05
173390,3 oz,85.05
173391,3 oz,85.05
173392,3 oz,85.05
173393,3 oz,85.05
173394,3 oz,85.05
173395,3 oz,85.05
173396,3 oz,85.05
173397,3 oz,85.05
173398,3 oz,85.05
173399,3 oz,85.05
173400,3 oz,85.05
173401,3 oz,85.05
173402,3 oz,85.05
173403,3 oz,85.05
173404,3 oz,85.05
173405,3 oz,85.05
173406,3 oz,85.05
173407,3 oz,85.05
173408,3 oz,85.05
173409,3 oz,85.05
173965,3 oz,85.05
173966,3 oz,85.05
173969,3 oz,85.05
173970,3 oz,85.05
173971,3 oz,85.05
173972,3 oz,85.05
173973,3 oz,85.05
173974,3 oz,85.05
173975,3 oz,85.05
173976,3 oz,85.05
173977,3 oz,85.05
173978,3 oz,85.05
173979,3 oz,85.05
173980,3 oz,85.05
173981,3 oz,85.05
173982,3 oz,85.05
173983,3 oz,85.05
173984,3 oz,85.05
173985,3 oz,85.05
173986,3 oz,85.05
173987,3 oz,85.05
173988,3 oz,85.05
173989,3 oz,85.05
173990,3 oz,85.05
173991,3 oz,85.05
173992,3 oz,85.05
173993,3 oz,85.05
173994,3 oz,85.05
173995,3 oz,85.05
173996,3 oz,85.05
173997,3 oz,85.05
173998,3 oz,85.05
173999,3 oz,85.05
174000,3 oz,85.05
174001,3 oz,85.05
174002,3 oz,85.05
174003,3 oz,85.05
174004,3 oz,85.05
174005,3 oz,85.05
174006,3 oz,85.05
174007,3 oz,85.05
174008,3 oz,85.05
174009,3 oz,85.05
174010,3 oz,85.05
174011,3 oz,85.05
174012,3 oz,85.05
174013,3 oz,85.05
174014,3 oz,85.05
174015,3 oz,85.05
174016,3 oz,85.05
174017,3 oz,85.05
174018,3 oz,85.05
174019,3 oz,85.05
174020,3 oz,85.05
174021,3 oz,85.05
174022,3 oz,85.05
174023,3 oz,85.05
174024,3 oz,85.05
174025,3 oz,85.05
174026,3 oz,85.05
174027,3 oz,85.05
174028,3 oz,85.05
174029,3 oz,85.05
174030,3 oz,85.05
174031,3 oz,85.05
174032,3 oz,85.05
174033,3 oz,85.05
174034,3 oz,85.05
174035,3 oz,85.05
174036,3 oz,85.05
174037,3 oz,85.05
174038,3 oz,85.05
174039,3 oz,85.05
174040,3 oz,85.05
174041,3 oz,85.05
174042,3 oz,85.05
174043,3 oz,85.05
174044,3 oz,85.05
174045,3 oz,85.05
174046,3 oz,85.05
174047,3 oz,85.05
174048,3 oz,85.05
174049,3 oz,85.05
174050,3 oz,85.05
174051,3 oz,85.05
174052,3 oz,85.05
174053,3 oz,85.05
174054,3 oz,85.05
174055,3 oz,85.05
174056,3 oz,85.05
174057,3 oz,85.05
174058,3 oz,85.05
174059,3 oz,85.05
174060,3 oz,85.05
174061,3 oz,85.05
174688,3 oz,85.05
174689,3 oz,85.05
174690,3 oz,85.05
174691,3 oz,85.05
174692,3 oz,85.05
174693,3 oz,85.05
174694,3 oz,85.05
174695,3 oz,85.05
174696,3 oz,85.05
174697,3 oz,85.05
174698,3 oz,85.05
174699,3 oz,85.05
174700,3 oz,85.05
174701,3 oz,85.05
174702,3 oz,85.05
174703,3 oz,85.05
174704,3 oz,85.05
174705,3 oz,85.05
174706,3 oz,85.05
174707,3 oz,85.05
174708,3 oz,85.05
174709,3 oz,85.05
174710,3 oz,85.05
174711,3 oz,85.05
174712,3 oz,85.05
174713,3 oz,85.05
174714,3 oz,85.05
174715,3 oz,85.05
174716,3 oz,85.05
174717,3 oz,85.05
174718,3 oz,85.05
174719,3 oz,85.05
174720,3 oz,85.05
174721,3 oz,85.05
174722,3 oz,85.05
174723,3 oz,85.05
174724,3 oz,85.05
174725,3 oz,85.05
174726,3 oz,85.05
174727,3 oz,85.05
174728,3 oz,85.05
174729,3 oz,85.05
174730,3 oz,85.05
174731,3 oz,85.05
174732,3 oz,85.05
174733,3 oz,85.05
174734,3 oz,85.05
174735,3 oz,85.05
174736,3 oz,85.05
174737,3 oz,85.05
174738,3 oz,85.05
174739,3 oz,85.05
174740,3 oz,85.05
174741,3 oz,85.05
174742,3 oz,85.05
174743,3 oz,85.05
174744,3 oz,85.05
174745,3 oz,85.05
174746,3 oz,85.05
174747,3 oz,85.05
174748,3 oz,85.05
174749,3 oz,85.05
174750,3 oz,85.05
174751,3 oz,85.05
174752,3 oz,85.05
174753,3 oz,85.05
174754,3 oz,85.05
174755,3 oz,85.05
174756,3 oz,85.05
174757,3 oz,85.05
174758,3 oz,85.05
174759,3 oz,85.05
174760,3 oz,85.05
174761,3 oz,85.05
174762,3 oz,85.05
174763,3 oz,85.05
174764,3 oz,85.05
174765,3 oz,85.05
174766,3 oz,85.05
174767,3 oz,85.05
174768,3 oz,85.05
174770,3 oz,85.05
174771,3 oz,85.05
174772,3 oz,85.05
174773,3 oz,85.05
174774,3 oz,85.05
174775,3 oz,85.05
174776,3 oz,85.05
174777,3 oz,85.05
168746,1 can,356
168749,1 can,356
171869,12 fl oz,366
171879,1 cup,266
171882,1 can,166
171889,1 cup,237
171890,1 cup,237
171893,1 packet,2
171897,1 tsp,1.8
171904,1 cup,237
171905,1 cup,272
171918,1 serving,23
171919,1 jigger,42
171920,1 jigger,42
171939,1 can,391
173168,1 jigger,50
173181,1 scoop,45
173199,12 fl oz,371
173203,12 fl oz,372
173209,12 fl oz,368
173221,1 cup,265
173226,10 fl oz,208
173227,1 cup (8 fl oz),237
173233,1 cup (8 fl oz),237
173234,1 cup (8 fl oz),237
173648,6 fl oz,185
173663,1 fl oz,27.8
173664,1 fl oz,27.8
174115,1 cup (8 fl oz),256
174118,1 cup (8 fl oz),282
174133,1 tsp,1.8
174155,6 fl oz,178
174815,1 jigger,42
174817,1 jigger,42
174818,1 jigger,42
174820,1 cup (8 fl oz),240
174842,1 can (12 fl oz),355
174854,1 can (12 fl oz),372
174867,1 cup (8 fl oz),265
174870,1 cup (8 fl oz),266
174871,1 cup (8 fl oz),237
175098,1 fl oz,31.1
175100,1 fl oz,36.6
175102,16 fl oz,376
168138,0.75 cup,30
171646,1 cup,122
171650,1 cup,59
171654,0.25 cup,39
171655,1 cup,257
171657,3 tbsp,33
171658,3 tbsp,33
171659,1 cup,240
171660,3 tbsp,33
171661,1 packet,28
171662,"1 cup, cooked",234
171670,1 cup,156
171671,1 cup,257
171672,1 cup,233
171673,1 cup,233
173002,0.75 cup,29
173003,1 cup,30
173008,1 cup,244
173009,1 cup,244
173010,3 tbsp,33
173011,1 cup,244
173012,1 cup,244
173887,1.25 cup,33
173893,1 cup,28
173896,1 cup,113
173897,1 cup,219
173900,0.25 cup,45
173901,3 tbsp,33
173902,0.75 cup,181
173904,0.33 cup,27
173905,0.75 cup,175
173910,2 biscuits,47
173912,1 cup,14
173913,1 cup,12
173914,0.75 cup,183
173915,1 cup,251
173916,1 cup,176
173917,1 cup,233
174643,0.75 cup,27
174648,1 cup,28
174649,1 cup,29
174655,3 tbsp,33
174656,1 tbsp,8.9
168867,1/4 cup,30.5
168868,1/4 cup,30.5
168869,1/4 cup,30.5
168871,1/4 cup,46.25
168872,1/4 cup,48.25
168873,1/4 cup,46.25
168874,1/4 cup,48.25
168875,1/4 cup,46.25
168877,1/4 cup,48.25
168878,1/4 cup,46.25
168879,1/4 cup,48.25
168880,1/4 cup,46.25
168881,1/4 cup,48.25
168882,1/4 cup,46.25
168883,1/4 cup,48.25
168884,1/4 cup,48.25
168885,1/4 cup,31.25
168886,1/4 cup,31.25
168887,1/4 cup,31.25
168888,1/4 cup,31.25
168889,1/4 cup,48.25
168890,1/4 cup,48.25
168892,1/4 cup,48.25
168893,1/4 cup,31.25
168894,1/4 cup,31.25
168895,1/4 cup,31.25
168896,1/4 cup,31.25
168897,1/4 cup,46.25
168898,1/4 cup,31.25
168899,2 oz,57
168900,3 oz,85.05
168901,3 oz,85.05
168902,3 oz,85.05
168903,2 oz,57
168904,3 oz,85.05
168906,2 oz,57
168907,3 oz,85.05
168908,2 oz,57
168909,3 oz,85.05
168910,3 oz,85.05
168911,2 oz,57
168912,3 oz,85.05
168913,1/4 cup,31.25
168914,3 oz,85.05
168917,1/4 cup,46.25
168918,1/4 cup,46.25
168919,3 oz,85.05
168920,1/4 cup,48.25
168922,1/4 cup,30.5
168923,1/4 cup,30.5
168924,1/4 cup,30.5
168926,3 oz,85.05
168927,2 oz,57
168928,3 oz,85.05
168929,1/4 cup,30.5
168930,1/4 cup,46.25
168931,1/4 cup,48.25
168932,1/4 cup,46.25
168933,1/4 cup,48.25
168934,3 oz,85.05
168935,1/4 cup,46.25
168936,1/4 cup,31.25
168937,2 oz,57
168938,1/4 cup,31.25
168939,1/4 cup,31.25
168940,1/4 cup,31.25
168941,1/4 cup,31.25
168942,1/4 cup,31.25
168943,1/4 cup,31.25
169694,1/4 cup,31.25
169696,1/4 cup,31.25
169697,1/4 cup,30.5
169698,1 cup,128
169699,1/4 cup,48.25
169700,1/4 cup,46.25
169701,1 cup,165
169702,1/4 cup,48.25
169703,1/4 cup,48.25
169704,1/4 cup,46.25
169705,1/4 cup,48.25
169706,1/4 cup,48.25
169707,1/4 cup,48.25
169708,1/4 cup,46.25
169709,1/4 cup,48.25
169710,1/4 cup,48.25
169711,1/4 cup,46.25
169713,1/4 cup,48.25
169714,1/4 cup,31.25
169715,1/4 cup,48.25
169716,1/4 cup,48.25
169717,1/4 cup,38
169718,1/4 cup,48.25
169721,1/4 cup,48.25
169722,1/4 cup,48.25
169723,1/4 cup,31.25
169724,1/4 cup,31.25
169725,1/4 cup,48.25
169726,1/4 cup,48.25
169727,3 oz,85.05
169728,3 oz,85.05
169729,3 oz,85.05
169730,3 oz,85.05
169731,2 oz,57
169732,3 oz,85.05
169733,2 oz,57
169734,3 oz,85.05
169736,2 oz,57
169737,3 oz,85.05
169739,1/4 cup,31.25
169740,1/4 cup,31.25
169742,2 oz,57
169743,1/4 cup,48.25
169744,1/4 cup,46.25
169745,1/4 cup,48.25
169747,1/4 cup,48.25
169748,1/4 cup,31.25
169749,1/4 cup,31.25
169750,1/4 cup,30.5
169751,3 oz,85.05
169752,1 cup,165
169753,1/4 cup,46.25
169754,1/4 cup,31.25
169755,3 oz,85.05
169756,1/4 cup,48.25
169757,1/4 cup,46.25
169758,1/4 cup,48.25
169759,1/4 cup,46.25
169760,1/4 cup,48.25
169761,1/4 cup,31.25
169762,3 oz,85.05
170283,1/4 cup,48.25
170284,1/4 cup,48.25
170285,1/4 cup,46.25
170286,1/4 cup,48.25
170287,1/4 cup,46.25
170288,1/4 cup,48.25
170290,1/4 cup,31.25
170682,1/4 cup,48.25
170684,1/4 cup,31.25
170685,1/4 cup,48.25
170686,1/4 cup,46.25
170687,1/4 cup,31.25
170688,1/4 cup,48.25
172014,3 oz,85.05
172015,1/4 cup,30.5
172016,1/4 cup,31.25
172017,1/4 cup,31.25
172018,1/4 cup,31.25
172019,1/4 cup,31.25
172020,1/4 cup,31.25
172021,1/4 cup,31.25
172022,1/4 cup,31.25
172023,1/4 cup,31.25
172026,3 oz,85.05
172027,3 oz,85.05
173265,3 oz,85.05
167697,1 cup,244
169078,4 oz,113
169079,1 oz,28.35
169898,1 cup,245
170843,1 oz,28.35
170844,1 oz,28.35
170845,1 oz,28.35
170846,1 oz,28.35
170847,1 oz,28.35
170848,1 oz,28.35
170849,1 oz,28.35
170850,1 oz,28.35
170852,1 oz,28.35
170853,1 oz,28.35
170854,1 oz,28.35
170855,1 oz,28.35
170856,1 oz,28.35
170857,2 tbsp,30
170858,2 tbsp,30
170859,2 tbsp,30
170860,2 tbsp,30
170861,1 cup,244
170862,1 cup,244
170864,1 cup,245
170865,2 tbsp,8
170866,2 tbsp,8
170867,2 tbsp,8
170868,2 tbsp,8
170869,2 tbsp,30
170870,1 cup,244
170871,1 cup,244
170872,1 cup,244
170873,1 cup,244
170874,1 cup,244
170875,1 cup,244
170876,1/4 cup,32
170877,1/4 cup,32
170878,1 cup,244
170879,1 cup,244
170880,1 cup,244
170881,1 cup,244
170882,1 cup,244
170883,1 container (10.6 oz),300
170884,1 container (11 oz),313
170885,1 cup,246
170886,1 cup,245
170887,1 cup,245
170888,1 cup,245
170889,1 cup,245
170891,1 cup,245
170893,1 egg,61
170895,1 tbsp,5
170899,1 oz,28.35
170900,1 oz,28.35
170901,1 cup,245
170902,1 cup,245
170903,1 cup,245
170906,1 cup,245
170909,1 cup,245
170912,1 cup,245
170913,1 cup,245
170914,1 cup,245
170915,1 cup,245
170916,1 cup,245
171240,1 oz,28.35
171241,1 oz,28.35
171242,1 oz,28.35
171243,1 oz,28.35
171244,1 oz,28.35
171245,1 oz,28.35
171246,1 oz,28.35
171247,1 oz,28.35
171248,0.25 cup,62
171249,1 oz,28.35
171250,1 oz,28.35
171251,1 oz,28.35
171252,1 oz,28.35
171253,1 oz,28.35
171254,"1 slice, thin",14
171255,2 tbsp,30
171256,2 tbsp,30
171257,2 tbsp,30
171258,1 cup,254
171259,2 tbsp,24
171260,1 cup,245
171261,2 tbsp,30
171262,2 tbsp,30
171263,2 tbsp,30
171264,1 cup,246
171265,1 cup,244
171266,1 cup,244
171267,1 cup,244
171268,1 cup,244
171269,1 cup,244
171270,1 cup,244
171271,1 cup,244
171272,0.25 cup,32
171273,0.25 cup,32
171274,0.25 cup,32
171275,0.25 cup,76.5
171276,0.5 cup,126
171277,1 cup,244
171278,1 cup,244
171279,1 cup,244
171280,1 cup,244
171281,1 cup,2.9
171282,1 cup,246
171283,1 cup,2.9
171284,1 cup,245
171285,1 cup,245
171286,1 cup,245
171287,1 egg,61
171288,1 oz,28.35
171290,1 oz,28.35
171291,1 oz,28.35
171296,1 cup,245
171300,1 cup,245
171302,1 cup,244
171306,not provided,100
171309,1 cup,245
171310,1 cup,245
171311,1 cup,245
171312,1 cup,245
171313,1 cup,245
172175,1 oz,28.35
172176,1 oz,28.35
172177,1 oz,28.35
172178,1 oz,28.35
172179,4 oz,113
172180,4 oz,113
172181,4 oz,113
172182,4 oz,113
172183,1 egg,61
172184,1 egg,61
172185,1 egg,61
172186,1 egg,61
172187,1 egg,61
172188,2 tbsp,13
172189,1 egg,61
172190,1 egg,61
172191,1 egg,61
172192,1 egg,61
172193,1 cup,244
172194,1 cup,244
172195,0.25 cup,32
172196,0.25 cup,32
172197,1 oz,28.35
172198,1 oz,28.35
172199,1 cup,245
172200,0.25 cup,62
172201,1 oz,28.35
172202,1 egg,61
172203,1 egg,61
172204,1 cup,2.9
172205,1 cup,244
172207,1 oz,28.35
172214,2 tbsp,30
172215,1 oz,28.35
172217,1 cup,244
172218,1 cup,245
172219,1 cup,245
172225,1 cup,244
173410,1 tbsp,14.2
173411,1 tbsp,14.2
173412,1 tbsp,12.8
173413,1 oz,28.35
173414,1 oz,28.35
173415,1 oz,28.35
173416,1 oz,28.35
173417,4 oz,113
173418,1 oz,28.35
173419,1 oz,28.35
173420,1 oz,28.35
173421,1 egg,61
173422,1 egg,61
173423,1 egg,61
173424,1 egg,61
173425,2 tbsp,13
173426,1 tbsp,5
173427,1 tbsp,5
173428,1 tbsp,5
173430,1 tbsp,14.2
173431,1 oz,28.35
173432,1 cup,244
173433,1 oz,28.35
173434,1 cup,245
173435,1 oz,28.35
173436,1 egg,61
173437,1 oz,28.35
173438,1 oz,28.35
173439,1 oz,28.35
173440,1 oz,28.35
173441,1 cup,244
173450,1 cup,244
173451,1 cup,245
173452,1 oz,28.35
173453,2 tbsp,30
173454,0.25 cup,32
173456,1 cup,245
173457,1 cup,245
173458,1 cup,245
173462,0.25 cup,60
173465,1/2 cup,107
170291,1 serving,80
170292,1 serving,222
170294,1 sandwich,182
170298,6 inch sub,190
170299,6 inch sub,237
170315,6 inch sub,196
170316,6 inch sub,237
170317,1 serving,81
170322,1 item,236
170323,1 item,117
170324,1 item,129
170325,1 item,310
170326,1 small 12 oz,227
170327,1 medium serving,117
170329,1 item,133
170330,1 sandwich,220
170331,1 sandwich,199
170333,1 taco,102
170334,1 item,248
170335,1 item,248
170336,1 serving,80
170337,1 serving,222
170338,1 strip,53
170339,1 biscuit,49
170340,1 package,112
170341,1 strip,47
170342,1 wing,23
170343,not provided,100
170344,1 breast,121
170345,1 drumstick,41
170346,1 thigh,86
170347,1 wing,60
170348,1 breast,212
170349,1 drumstick,81
170350,not provided,100
170351,1 thigh,83
170352,1 wing,16
170353,1 breast,194
170354,1 drumstick,76
170690,1 sandwich,91
170693,1 sandwich,78
170696,6 inch sub,196
170713,6 inch sub,190
170714,1 serving,139
170722,1 item,218
170723,1 item,230
170724,1 item,225
170727,1 item,291
170728,1 item,316
170729,1 item,374
170730,1 item,399
170731,1 strip,36
170732,1 taco,98
170733,1 item,127
170734,1 burrito,185
170735,1 burrito,241
170736,1 item,533
170737,10 pieces,56
170738,not provided,100
170739,1 breast,152
170740,1 drumstick,40
170741,1 thigh,86
170742,1 thigh,91
170743,1 wing,44
170744,1 breast,212
170745,1 drumstick,75
170746,1 thigh,152
170747,1 wing,68
170748,1 breast,132
170749,1 drumstick,44
170750,1 thigh,138
170751,1 wing,57
170772,1 sandwich,215
170773,1 slice 1/8 pizza,117
170774,1 slice,117
170787,1 burrito,109
172028,1 item,162
172029,1 item,145
172030,1 biscuit,162
172032,1 item,108
172034,1 item,165
172036,1 sundae,153
172038,2 pieces,217
172040,1 slice,96
172041,1 slice,100
172042,1 slice,69
172043,1 slice,70
172044,1 slice,113
172045,1 slice,123
172046,1 slice,151
172047,1 slice,89
172048,1 slice,90
172049,1 slice,115
172050,1 slice,102
172054,1 slice,123
172055,1 slice,136
172063,1 burrito,109
172076,1 item,110
172077,1 stick,21
172078,1 piece,5.6
172079,1 piece,25
172084,1 item,219
172086,1 biscuit,60
172087,1 package,120
172088,1 strip,54
173266,1 biscuit,150
173267,1 biscuit,182
173271,1 sandwich,171
173272,2 eggs,96
173275,1 sundae,155
173276,1 sundae,158
173278,1 burrito,241
173279,1 slice,96
173280,1 slice,96
173281,1 slice,127
173283,1 slice,118
173285,1 slice,123
173286,1 slice,153
173287,1 slice,87
173288,1 slice,104
173289,1 slice,48
173315,1 sandwich,171
173316,1 item,131
173318,1 item,205
173321,1 strip,30
171006,1 tbsp,16
171007,1 tbsp,16
171008,1 tbsp,16
171009,1 tbsp,16
171010,1 tbsp,16
171011,1 tbsp,14
171012,1 tbsp,14
171013,1 tbsp,14
171014,1 tbsp,14
171015,1 tbsp,14
171016,1 tbsp,14
171017,1 tbsp,14
171018,1 tbsp,14
171019,1 tbsp,14
171024,1 tbsp,14
171025,1 tbsp,14
171026,1 tbsp,14
171027,1 tbsp,14
171028,1 tbsp,14
171029,1 tbsp,14
171030,1 tbsp,14
171031,1 tbsp,14
171032,1 tbsp,14
171400,1 tbsp,12.8
171401,1 tbsp,12.8
171402,1 tbsp,16
171403,1 tbsp,16
171404,1 tbsp,16
171405,1 tbsp,16
171406,1 tbsp,16
171407,1 tbsp,16
171408,1 tbsp,16
171409,1 tbsp,16
171410,1 tbsp,14
171411,1 tbsp,14
171412,1 tbsp,14
171413,1 tbsp,14
171416,1 tbsp,14
171417,1 tbsp,14
171421,1 tbsp,14
171422,1 tbsp,14
171423,1 tbsp,14
171424,1 tbsp,14
171425,1 tbsp,14
171427,1 tbsp,14
171428,1 tbsp,14
171429,1 tbsp,14
172327,1 tbsp,14
172328,1 tbsp,14
172329,1 tbsp,12.8
172330,1 tbsp,12.8
172331,1 tbsp,12.8
172332,1 tbsp,12.8
172333,1 tbsp,12.8
172334,1 tbsp,12.8
172335,1 tbsp,14
172361,1 tbsp,14
172362,1 tbsp,14
172363,1 tbsp,14
172364,1 tbsp,14
172365,1 tbsp,14
172366,1 tbsp,14
172367,1 tbsp,14
172368,1 tbsp,14
172370,1 tbsp,14
173563,1 tbsp,14
173564,1 tbsp,12.8
173565,1 tbsp,14
173566,1 tbsp,14
173567,1 tbsp,12.8
173568,1 tbsp,12.8
173569,1 tbsp,12.8
173570,1 tbsp,14
173571,1 tbsp,12.8
173572,1 tbsp,12.8
173594,1 tbsp,14
173595,1 tbsp,14
173596,1 tbsp,14
173597,1 tbsp,14
173598,1 tbsp,14
173600,1 tbsp,14
173601,1 tbsp,14
173602,1 tbsp,14
173603,1 tbsp,14
173604,1 tbsp,14
173607,1 tbsp,12.8
167742,3 oz,85.05
171948,3 oz,85.05
171949,3 oz,85.05
171950,3 oz,85.05
171951,3 oz,85.05
171952,3 oz,85.05
171953,3 oz,85.05
171954,3 oz,85.05
171955,3 oz,85.05
171956,3 oz,85.05
171957,3 oz,85.05
171958,3 oz,85.05
171959,3 oz,85.05
171960,3 oz,85.05
171961,not provided,42
171962,3 oz,85.05
171963,3 oz,85.05
171964,3 oz,85.05
171965,3 oz,85.05
171966,3 oz,85.05
171967,3 oz,85.05
171968,3 oz,85.05
171969,3 oz,85.05
171970,3 oz,85.05
171971,3 oz,85.05
171972,3 oz,85.05
171973,3 oz,85.05
171974,3 oz,85.05
171975,3 oz,85.05
171976,3 oz,85.05
171978,3 oz,85.05
171979,3 oz,85.05
171980,3 oz,85.05
171981,3 oz,85.05
171982,3 oz,85.05
171983,3 oz,85.05
171984,3 oz,85.05
171985,3 oz,85.05
171986,3 oz,85.05
171987,3 oz,85.05
171988,3 oz,85.05
171989,3 oz,85.05
171990,3 oz,85.05
171991,3 oz,85.05
171992,3 oz,85.05
171993,3 oz,85.05
171994,3 oz,85.05
171995,3 oz,85.05
171996,3 oz,85.05
171997,3 oz,85.05
171998,3 oz,85.05
171999,3 oz,85.05
172000,3 oz,85.05
172001,3 oz,85.05
172002,3 oz,85.05
172003,3 oz,85.05
172004,3 oz,85.05
172005,3 oz,85.05
172006,3 oz,85.05
172007,3 oz,85.05
172008,3 oz,85.05
172009,3 oz,85.05
172010,3 oz,85.05
173668,3 oz,85.05
173669,3 oz,85.05
173670,3 oz,85.05
173671,3 oz,85.05
173672,3 oz,85.05
173673,3 oz,85.05
173674,3 oz,85.05
173675,3 oz,85.05
173676,3 oz,85.05
173677,3 oz,85.05
173678,3 oz,85.05
173679,3 oz,85.05
173680,3 oz,85.05
173681,3 oz,85.05
173682,3 oz,85.05
173683,3 oz,85.05
173684,3 oz,85.05
173685,3 oz,85.05
173686,3 oz,85.05
173687,3 oz,85.05
173688,3 oz,85.05
173689,3 oz,85.05
173690,3 oz,85.05
173691,3 oz,85.05
173692,3 oz,85.05
173693,3 oz,85.05
173694,3 oz,85.05
173695,3 oz,85.05
173696,3 oz,85.05
173697,3 oz,85.05
173698,3 oz,85.05
173699,3 oz,85.05
173700,3 oz,85.05
173701,3 oz,85.05
173702,3 oz,85.05
173703,3 oz,85.05
173704,3 oz,85.05
173705,3 oz,85.05
173706,3 oz,85.05
173707,3 oz,85.05
173708,3 oz,85.05
173709,3 oz,85.05
173710,3 oz,85.05
173711,3 oz,85.05
173712,3 oz,85.05
173713,3 oz,85.05
173714,3 oz,85.05
173715,3 oz,85.05
173716,3 oz,85.05
173717,3 oz,85.05
173718,3 oz,85.05
173719,3 oz,85.05
173723,3 oz,85.05
173724,3 oz,85.05
174182,3 oz,85.05
174183,3 oz,85.05
174184,3 oz,85.05
174185,3 oz,85.05
174186,3 oz,85.05
174187,3 oz,85.05
174188,3 oz,85.05
174189,3 oz,85.05
174190,3 oz,85.05
174191,3 oz,85.05
174192,3 oz,85.05
174193,3 oz,85.05
174194,3 oz,85.05
174195,3 oz,85.05
174196,3 oz,85.05
174197,3 oz,85.05
174198,3 oz,85.05
174199,3 oz,85.05
174200,3 oz,85.05
174201,3 oz,85.05
174202,3 oz,85.05
174203,3 oz,85.05
174204,3 oz,85.05
174205,3 oz,85.05
174206,3 oz,85.05
174207,3 oz,85.05
174208,3 oz,85.05
174209,3 oz,85.05
174210,3 oz,85.05
174211,3 oz,85.05
174212,3 oz,85.05
174213,3 oz,85.05
174214,3 oz,85.05
174215,3 oz,85.05
174216,3 oz,85.05
174217,3 oz,85.05
174218,3 oz,85.05
174219,3 oz,85.05
174220,3 oz,85.05
174221,3 oz,85.05
174222,3 oz,85.05
174223,3 oz,85.05
174224,3 oz,85.05
174225,3 oz,85.05
174226,3 oz,85.05
174227,3 oz,85.05
174228,3 oz,85.05
174229,3 oz,85.05
174230,3 oz,85.05
174231,3 oz,85.05
174232,3 oz,85.05
174233,3 oz,85.05
174234,3 oz,85.05
174235,3 oz,85.05
174236,3 oz,85.05
174237,3 oz,85.05
174238,3 oz,85.05
174239,3 oz,85.05
174240,3 oz,85.05
174241,3 oz,85.05
174242,3 oz,85.05
174243,3 oz,85.05
174244,3 oz,85.05
174245,3 oz,85.05
174246,3 oz,85.05
174247,3 oz,85.05
174248,3 oz,85.05
174249,3 oz,85.05
174250,3 oz,85.05
174251,3 oz,85.05
175116,3 oz,85.05
175117,3 oz,85.05
175118,3 oz,85.05
175119,3 oz,85.05
175120,3 oz,85.05
175121,3 oz,85.05
175122,3 oz,85.05
175123,3 oz,85.05
175124,3 oz,85.05
175125,3 oz,85.05
175126,3 oz,85.05
175127,3 oz,85.05
175128,3 oz,85.05
175129,3 oz,85.05
175130,3 oz,85.05
175131,3 oz,85.05
175132,3 oz,85.05
175133,3 oz,85.05
175134,3 oz,85.05
175135,3 oz,85.05
175136,3 oz,85.05
175137,3 oz,85.05
175138,3 oz,85.05
175139,3 oz,85.05
175140,3 oz,85.05
175141,3 oz,85.05
175142,3 oz,85.05
175143,3 oz,85.05
175144,3 oz,85.05
175145,3 oz,85.05
175146,3 oz,85.05
175147,3 oz,85.05
175148,3 oz,85.05
175149,3 oz,85.05
175150,3 oz,85.05
175151,3 oz,85.05
175152,3 oz,85.05
175153,3 oz,85.05
175154,3 oz,85.05
175155,3 oz,85.05
175156,3 oz,85.05
175157,3 oz,85.05
175158,3 oz,85.05
175159,3 oz,85.05
175160,3 oz,85.05
175161,3 oz,85.05
175162,3 oz,85.05
175163,3 oz,85.05
175164,3 oz,85.05
175165,3 oz,85.05
175166,3 oz,85.05
175167,3 oz,85.05
175168,3 oz,85.05
175169,3 oz,85.05
175170,3 oz,85.05
175171,3 oz,85.05
175172,3 oz,85.05
175173,3 oz,85.05
175174,3 oz,85.05
175175,3 oz,85.05
175176,3 oz,85.05
175177,3 oz,85.05
167759,1 cup,148
167760,1 cup,148
167762,1 cup,148
167765,1 cup,148
167772,1/2 cup,123
167773,1/2 cup,123
167776,1 cup,148
167777,1 cup,148
167778,1 cup,148
167779,1 cup,148
167794,1 cup,248
168153,1 cup,148
168156,1 tsp,5
168162,1/4 cup,40
168172,1 cup,249
168173,1 cup,242
168174,1 cup,242
168176,1 cup,148
168177,1 cup,148
168181,1 cup,249
168191,1/4 cup,40
168201,1 cup,148
168202,1 cup,148
168216,1 cup,137
169092,1 cup,148
169097,1 cup,148
169098,1 cup,248
169099,1 cup,248
169100,1 cup,248
169101,1 cup,248
169105,1 cup,148
169106,1 cup,249
169111,1 cup,249
169112,1 cup,249
169113,1 cup,249
169114,1 cup,249
169115,1/4 cup,40
169116,1 cup,242
169118,1 cup,148
169124,1 cup,148
169125,1 cup,249
169126,1 cup,249
169127,1 cup,249
169131,1 cup,139
169908,1 cup,148
169910,1 cup,148
169911,1 cup,148
169914,1 cup,148
169916,1 cup,148
169917,1 cup,148
169918,1 cup,148
169919,1 cup,148
169920,1 cup,248
169922,1 oz,28.35
169923,1 oz,28.35
169924,1 cup,249
169925,1 cup,148
169926,1 cup,148
169928,1 cup,148
169929,1 cup,249
169930,1 cup,249
169931,1 cup,249
169932,1/4 cup,40
169933,1/4 cup,40
169934,1/4 cup,40
169935,1/4 cup,40
169941,1 cup,148
169942,1/4 cup,40
169943,1 cup,148
169944,1 cup,249
169945,1 cup,249
169946,1 cup,242
169949,1 cup,148
171688,1 cup,148
171689,1 cup,148
171690,1/4 cup,40
171691,1/4 cup,40
171692,1/4 cup,40
171693,1/4 cup,40
171694,1 cup,242
171695,1/2 cup,123
171696,1 cup,246
171697,1 apricot,35
171698,1 cup,249
171699,1 cup,249
171700,1 cup,249
171701,1 cup,249
171702,1/4 cup,40
171703,1 cup,242
171705,1/3 fruit,50
171706,1/3 fruit,50
171707,1/3 fruit,50
171711,1 cup,148
171715,1 cup,148
171719,1 cup,148
171721,1 cup,148
171722,1 cup,148
171726,1/4 cup,40
171727,1 cup,148
173021,1 cup,148
173022,1 cup,249
173023,1 cup,249
173024,1 cup,249
173025,1 cup,249
173033,1 cup,148
173034,1 cup,148
173035,1 cup,249
173036,1 cup,249
173037,1 cup,249
173044,1 cup,148
173045,1 cup,148
173929,1 cup,148
173930,1 cup,249
173931,1/4 cup,40
173932,1 cup,242
173936,1 cup,249
173937,1 cup,249
173938,1 cup,249
173939,1 cup,249
173940,1/4 cup,40
173941,1/4 cup,40
173942,1/4 cup,40
173943,1/4 cup,40
173944,1 cup,148
173948,1 cup,249
173950,1 cup,242
173951,1 cup,242
173953,1 cup,148
174665,1/4 cup,40
174666,1/4 cup,40
174673,1 cup,148
174674,1 cup,148
174675,1 cup,148
174676,1 cup,148
174677,1 cup,148
174682,1 cup,148
174683,1 cup,148
174684,1 cup,249
174685,1 cup,249
174686,2 tbsp,29.75
174687,1 cup,148
172478,3 oz,85.05
172479,3 oz,85.05
172480,3 oz,85.05
172481,3 oz,85.05
172482,3 oz,85.05
172483,3 oz,85.05
172484,3 oz,85.05
172485,3 oz,85.05
172486,3 oz,85.05
172487,3 oz,85.05
172488,3 oz,85.05
172489,3 oz,85.05
172490,3 oz,85.05
172491,3 oz,85.05
172492,3 oz,85.05
172493,3 oz,85.05
172494,3 oz,85.05
172495,3 oz,85.05
172496,3 oz,85.05
172497,3 oz,85.05
172498,3 oz,85.05
172499,3 oz,85.05
172500,3 oz,85.05
172501,3 oz,85.05
172502,3 oz,85.05
172503,3 oz,85.05
172504,3 oz,85.05
172505,3 oz,85.05
172506,3 oz,85.05
172507,3 oz,85.05
172508,3 oz,85.05
172509,3 oz,85.05
172510,3 oz,85.05
172511,3 oz,85.05
172512,3 oz,85.05
172513,3 oz,85.05
172514,3 oz,85.05
172515,3 oz,85.05
172516,3 oz,85.05
172517,3 oz,85.05
172521,3 oz,85.05
172522,3 oz,85.05
172525,3 oz,85.05
172526,3 oz,85.05
172527,3 oz,85.05
172528,3 oz,85.05
172529,3 oz,85.05
172530,3 oz,85.05
172531,3 oz,85.05
172532,3 oz,85.05
172533,3 oz,85.05
172534,3 oz,85.05
172535,3 oz,85.05
172538,3 oz,85.05
172539,3 oz,85.05
172544,3 oz,85.05
172545,3 oz,85.05
172546,3 oz,85.05
172547,3 oz,85.05
172548,3 oz,85.05
172549,3 oz,85.05
172550,3 oz,85.05
172551,3 oz,85.05
172552,3 oz,85.05
172553,3 oz,85.05
172554,3 oz,85.05
172555,3 oz,85.05
172556,3 oz,85.05
172557,3 oz,85.05
172558,3 oz,85.05
172559,3 oz,85.05
172560,3 oz,85.05
172561,3 oz,85.05
172562,3 oz,85.05
172563,3 oz,85.05
172564,3 oz,85.05
172565,3 oz,85.05
172566,3 oz,85.05
172567,3 oz,85.05
172568,3 oz,85.05
172569,3 oz,85.05
172570,3 oz,85.05
172571,3 oz,85.05
172572,3 oz,85.05
172573,3 oz,85.05
172574,3 oz,85.05
172575,3 oz,85.05
172576,3 oz,85.05
172577,3 oz,85.05
172578,3 oz,85.05
172579,3 oz,85.05
172580,3 oz,85.05
172581,3 oz,85.05
172582,3 oz,85.05
172583,3 oz,85.05
172584,3 oz,85.05
172585,3 oz,85.05
172586,3 oz,85.05
172587,3 oz,85.05
172588,3 oz,85.05
172589,3 oz,85.05
172590,3 oz,85.05
172591,3 oz,85.05
172592,3 oz,85.05
172593,3 oz,85.05
172594,3 oz,85.05
172595,3 oz,85.05
172596,3 oz,85.05
172597,3 oz,85.05
172598,3 oz,85.05
172599,3 oz,85.05
172600,3 oz,85.05
172601,3 oz,85.05
172602,3 oz,85.05
172603,3 oz,85.05
172604,3 oz,85.05
172605,3 oz,85.05
172606,3 oz,85.05
172607,3 oz,85.05
172609,1 tbsp,12.8
172610,3 oz,85.05
172611,3 oz,85.05
172612,3 oz,85.05
172613,1 tbsp,12.8
172614,3 oz,85.05
172615,3 oz,85.05
172616,3 oz,85.05
172617,3 oz,85.05
172618,3 oz,85.05
172619,3 oz,85.05
172620,3 oz,85.05
172622,3 oz,85.05
172623,3 oz,85.05
172624,3 oz,85.05
172625,3 oz,85.05
172626,3 oz,85.05
172627,3 oz,85.05
172628,3 oz,85.05
172629,3 oz,85.05
172630,3 oz,85.05
172631,3 oz,85.05
172632,3 oz,85.05
172633,3 oz,85.05
172634,3 oz,85.05
172635,3 oz,85.05
172636,3 oz,85.05
172637,3 oz,85.05
172638,3 oz,85.05
172639,3 oz,85.05
172640,3 oz,85.05
172641,3 oz,85.05
172642,3 oz,85.05
172643,3 oz,85.05
172644,3 oz,85.05
172645,3 oz,85.05
172646,3 oz,85.05
172647,1 tbsp,12.8
172648,3 oz,85.05
172649,3 oz,85.05
172650,3 oz,85.05
172651,3 oz,85.05
172652,3 oz,85.05
172653,3 oz,85.05
172654,3 oz,85.05
172655,3 oz,85.05
172656,1 tbsp,12.8
172657,1 tbsp,12.8
172658,3 oz,85.05
172659,3 oz,85.05
172660,3 oz,85.05
172661,3 oz,85.05
172662,3 oz,85.05
172663,3 oz,85.05
173810,3 oz,85.05
173811,3 oz,85.05
173812,3 oz,85.05
173813,3 oz,85.05
173814,3 oz,85.05
173815,3 oz,85.05
173816,3 oz,85.05
173817,3 oz,85.05
173818,3 oz,85.05
173819,3 oz,85.05
173820,3 oz,85.05
173821,3 oz,85.05
173822,3 oz,85.05
173823,3 oz,85.05
173824,3 oz,85.05
173825,3 oz,85.05
173826,3 oz,85.05
173827,3 oz,85.05
173828,3 oz,85.05
173829,3 oz,85.05
173830,3 oz,85.05
173831,3 oz,85.05
173832,3 oz,85.05
173833,3 oz,85.05
173834,3 oz,85.05
173835,3 oz,85.05
173836,3 oz,85.05
173837,3 oz,85.05
173838,3 oz,85.05
173839,3 oz,85.05
173840,3 oz,85.05
173841,3 oz,85.05
173842,3 oz,85.05
173843,3 oz,85.05
173847,3 oz,85.05
173850,3 oz,85.05
173853,3 oz,85.05
173854,3 oz,85.05
174307,3 oz,85.05
174308,3 oz,85.05
174309,3 oz,85.05
174310,3 oz,85.05
174311,3 oz,85.05
174312,3 oz,85.05
174313,3 oz,85.05
174314,3 oz,85.05
174315,3 oz,85.05
174316,3 oz,85.05
174317,3 oz,85.05
174318,3 oz,85.05
174319,3 oz,85.05
174320,3 oz,85.05
174321,3 oz,85.05
174322,3 oz,85.05
174323,3 oz,85.05
174324,3 oz,85.05
174325,3 oz,85.05
174326,3 oz,85.05
174327,3 oz,85.05
174328,3 oz,85.05
174329,3 oz,85.05
174330,3 oz,85.05
174331,3 oz,85.05
174332,3 oz,85.05
174333,3 oz,85.05
174334,3 oz,85.05
174335,3 oz,85.05
174336,3 oz,85.05
174337,3 oz,85.05
174338,3 oz,85.05
174339,3 oz,85.05
174340,3 oz,85.05
174341,3 oz,85.05
174342,3 oz,85.05
174343,3 oz,85.05
174346,3 oz,85.05
174347,3 oz,85.05
174348,3 oz,85.05
174350,3 oz,85.05
174351,3 oz,85.05
174352,3 oz,85.05
174353,3 oz,85.05
174354,3 oz,85.05
174355,3 oz,85.05
174356,3 oz,85.05
174357,3 oz,85.05
174358,3 oz,85.05
174359,3 oz,85.05
174360,3 oz,85.05
174364,3 oz,85.05
174365,3 oz,85.05
174366,3 oz,85.05
174367,3 oz,85.05
174368,3 oz,85.05
174369,3 oz,85.05
174370,3 oz,85.05
174371,3 oz,85.05
174372,3 oz,85.05
174373,3 oz,85.05
174374,3 oz,85.05
174375,3 oz,85.05
174376,3 oz,85.05
174377,3 oz,85.05
174378,3 oz,85.05
174379,3 oz,85.05
174380,3 oz,85.05
174381,3 oz,85.05
174382,3 oz,85.05
174383,3 oz,85.05
174384,3 oz,85.05
174385,3 oz,85.05
174386,3 oz,85.05
174387,3 oz,85.05
174388,3 oz,85.05
174389,3 oz,85.05
174390,3 oz,85.05
174391,3 oz,85.05
174392,3 oz,85.05
174393,3 oz,85.05
174394,3 oz,85.05
174395,3 oz,85.05
174396,3 oz,85.05
174397,3 oz,85.05
174398,3 oz,85.05
174399,3 oz,85.05
174400,3 oz,85.05
174401,3 oz,85.05
174402,3 oz,85.05
174403,3 oz,85.05
174404,3 oz,85.05
174405,3 oz,85.05
174406,3 oz,85.05
174407,3 oz,85.05
174408,3 oz,85.05
174409,3 oz,85.05
174410,3 oz,85.05
174411,3 oz,85.05
174412,3 oz,85.05
174413,3 oz,85.05
174414,3 oz,85.05
174415,3 oz,85.05
174416,3 oz,85.05
174417,3 oz,85.05
174418,3 oz,85.05
174419,3 oz,85.05
174420,3 oz,85.05
174421,3 oz,85.05
174422,3 oz,85.05
174423,3 oz,85.05
174424,3 oz,85.05
174425,3 oz,85.05
174426,3 oz,85.05
174427,3 oz,85.05
174428,3 oz,85.05
174429,3 oz,85.05
174430,3 oz,85.05
174431,3 oz,85.05
174432,3 oz,85.05
174433,3 oz,85.05
174434,1 tbsp,12.8
174435,1 tbsp,12.8
174436,3 oz,85.05
174437,3 oz,85.05
174438,3 oz,85.05
174439,3 oz,85.05
174440,3 oz,85.05
174441,3 oz,85.05
174442,3 oz,85.05
174443,3 oz,85.05
174444,3 oz,85.05
174445,3 oz,85.05
174446,3 oz,85.05
174447,3 oz,85.05
174448,3 oz,85.05
174449,3 oz,85.05
174450,3 oz,85.05
174451,3 oz,85.05
174452,3 oz,85.05
174453,3 oz,85.05
174454,3 oz,85.05
174455,3 oz,85.05
174456,3 oz,85.05
174457,3 oz,85.05
174458,3 oz,85.05
174459,3 oz,85.05
174460,3 oz,85.05
174461,3 oz,85.05
174462,3 oz,85.05
174463,3 oz,85.05
174464,3 oz,85.05
174874,3 oz,85.05
174875,3 oz,85.05
174876,3 oz,85.05
174877,3 oz,85.05
174878,3 oz,85.05
174879,3 oz,85.05
174880,3 oz,85.05
174881,3 oz,85.05
174882,3 oz,85.05
174883,3 oz,85.05
174884,3 oz,85.05
174885,3 oz,85.05
174886,3 oz,85.05
174887,3 oz,85.05
174888,3 oz,85.05
174889,3 oz,85.05
174890,3 oz,85.05
174891,3 oz,85.05
174892,3 oz,85.05
174893,3 oz,85.05
174894,3 oz,85.05
174895,3 oz,85.05
174896,3 oz,85.05
174897,3 oz,85.05
174898,3 oz,85.05
175086,3 oz,85.05
175087,3 oz,85.05
175259,3 oz,85.05
175260,3 oz,85.05
175261,3 oz,85.05
175262,3 oz,85.05
175263,3 oz,85.05
175264,3 oz,85.05
175265,3 oz,85.05
175266,3 oz,85.05
175267,3 oz,85.05
175268,3 oz,85.05
175269,3 oz,85.05
175270,3 oz,85.05
175271,3 oz,85.05
175272,3 oz,85.05
175273,3 oz,85.05
175274,3 oz,85.05
175275,3 oz,85.05
175276,3 oz,85.05
175277,3 oz,85.05
175278,3 oz,85.05
175279,3 oz,85.05
175280,3 oz,85.05
175281,3 oz,85.05
175282,3 oz,85.05
175283,3 oz,85.05
175284,3 oz,85.05
175285,3 oz,85.05
175286,3 oz,85.05
175287,3 oz,85.05
175288,3 oz,85.05
175289,3 oz,85.05
175290,3 oz,85.05
175291,3 oz,85.05
175293,3 oz,85.05
175297,3 oz,85.05
175298,3 oz,85.05
175299,3 oz,85.05
175300,3 oz,85.05
175301,3 oz,85.05
175302,3 oz,85.05
175303,3 oz,85.05
175304,3 oz,85.05
168106,3 oz,85.05
172420,3 oz,85.05
172421,3 oz,85.05
172422,3 oz,85.05
172423,1 cup,180
172424,3 oz,85.05
172427,3 oz,85.05
172428,3 oz,85.05
172429,3 oz,85.05
172430,3 oz,85.05
172431,3 oz,85.05
172432,3 oz,85.05
172433,3 oz,85.05
172434,3 oz,85.05
172435,1 cup,60
172436,3 oz,85.05
172437,3 oz,85.05
172438,3 oz,85.05
172439,3 oz,85.05
172440,1 cup,172
172441,1 cup,93
172442,3 oz,85.05
172443,3 oz,85.05
172445,1 cup,122
172446,3 oz,85.05
172447,1 oz,28.35
172448,3 oz,85.05
172449,3 oz,85.05
172450,1 piece,17
172451,3 oz,85.05
172452,3 oz,85.05
172453,3 oz,85.05
172454,3 oz,85.05
172455,3 oz,85.05
172456,3 oz,85.05
172461,3 oz,85.05
172462,3 oz,85.05
172463,3 oz,85.05
172464,3 oz,85.05
172466,3 oz,85.05
172469,3 oz,85.05
172470,3 oz,85.05
172472,3 oz,85.05
172473,3 oz,85.05
172475,3 oz,85.05
172476,3 oz,85.05
172477,3 oz,85.05
173727,3 oz,85.05
173728,3 oz,85.05
173729,3 oz,85.05
173730,3 oz,85.05
173731,3 oz,85.05
173732,3 oz,85.05
173733,3 oz,85.05
173734,3 oz,85.05
173735,3 oz,85.05
173736,3 oz,85.05
173737,3 oz,85.05
173738,3 oz,85.05
173739,3 oz,85.05
173740,3 oz,85.05
173741,3 oz,85.05
173742,3 oz,85.05
173743,3 oz,85.05
173744,3 oz,85.05
173745,3 oz,85.05
173746,3 oz,85.05
173747,3 oz,85.05
173748,3 oz,85.05
173749,3 oz,85.05
173750,3 oz,85.05
173751,3 oz,85.05
173752,3 oz,85.05
173753,3 oz,85.05
173754,3 oz,85.05
173755,3 oz,85.05
173756,3 oz,85.05
173757,3 oz,85.05
173758,3 oz,85.05
173759,3 oz,85.05
173760,3 oz,85.05
173761,3 oz,85.05
173789,3 oz,85.05
173790,3 oz,85.05
173791,3 oz,85.05
173792,3 oz,85.05
173793,3 oz,85.05
173794,3 oz,85.05
173795,3 oz,85.05
173796,3 oz,85.05
173797,3 oz,85.05
173798,3 oz,85.05
173799,3 oz,85.05
173800,3 oz,85.05
173801,3 oz,85.05
173802,3 oz,85.05
173803,3 oz,85.05
173804,3 oz,85.05
173806,3 oz,85.05
173807,3 oz,85.05
173808,3 oz,85.05
173809,3 oz,85.05
174252,3 oz,85.05
174253,3 oz,85.05
174254,3 oz,85.05
174255,3 oz,85.05
174256,3 oz,85.05
174257,3 oz,85.05
174258,3 oz,85.05
174259,3 oz,85.05
174260,3 oz,85.05
174261,3 oz,85.05
174262,3 oz,85.05
174263,3 oz,85.05
174264,3 oz,85.05
174265,3 oz,85.05
174266,3 oz,85.05
174267,1 cup,60
174268,1 cup,88
174269,3 oz,85.05
174270,1 cup,186
174271,3 oz,85.05
174272,3 oz,85.05
174273,"1 cup, stirred",84
174274,"1 cup, stirred",85
174275,1 cup,105
174276,1 oz,28.35
174277,3 oz,85.05
174278,3 oz,85.05
174280,3 oz,85.05
174281,3 oz,85.05
174282,3 oz,85.05
174283,3 oz,85.05
174284,3 oz,85.05
174285,3 oz,85.05
174286,3 oz,85.05
174287,3 oz,85.05
174290,3 oz,85.05
174291,3 oz,85.05
174292,3 oz,85.05
174293,3 oz,85.05
174294,3 oz,85.05
174295,3 oz,85.05
174298,3 oz,85.05
174299,3 oz,85.05
174300,1 cup,172
174301,1 oz,28.35
174302,1 oz,28.35
174303,1 piece,17
174304,1 piece,13
174305,1 block,11
174306,3 oz,85.05
175182,3 oz,85.05
175183,3 oz,85.05
175184,3 oz,85.05
175185,3 oz,85.05
175186,3 oz,85.05
175187,3 oz,85.05
175188,3 oz,85.05
175189,3 oz,85.05
175190,3 oz,85.05
175191,3 oz,85.05
175192,3 oz,85.05
175193,3 oz,85.05
175194,3 oz,85.05
175195,3 oz,85.05
175196,3 oz,85.05
175197,3 oz,85.05
175198,3 oz,85.05
175199,3 oz,85.05
175200,3 oz,85.05
175201,3 oz,85.05
175202,3 oz,85.05
175203,3 oz,85.05
175204,3 oz,85.05
175205,3 oz,85.05
175206,3 oz,85.05
175207,3 oz,85.05
175208,3 oz,85.05
175209,3 oz,85.05
175210,3 oz,85.05
175211,3 oz,85.05
175237,3 oz,85.05
175238,3 oz,85.05
175239,3 oz,85.05
175240,3 oz,85.05
175241,3 oz,85.05
175242,3 oz,85.05
175243,3 oz,85.05
175244,3 oz,85.05
175245,3 oz,85.05
175246,3 oz,85.05
175247,3 oz,85.05
175248,3 oz,85.05
175249,3 oz,85.05
175250,3 oz,85.05
175251,3 oz,85.05
175252,3 oz,85.05
175253,3 oz,85.05
175254,3 oz,85.05
175255,3 oz,85.05
175256,3 oz,85.05
175257,3 oz,85.05
175258,3 oz,85.05
168949,0.33 cup,61
168951,0.33 cup,68
169769,1 serving (3.5 oz),25
169771,1 piece,42
169772,1 piece,42
169780,1 piece,127
172089,1 oz,28.35
172090,1 oz,28.35
172093,"1 pie, cooked (average weight)",268
172099,1 cup,246
172103,1 roll,85
172104,1 roll,80
172105,1 roll,68
172106,1 cup,226
172108,1 hot pocket,127
172109,1 pocket,128
172113,1 cup,159
172114,1 piece,123
173327,1 hot pocket,127
173329,1 cup,262
173330,1 cup,196
173331,1 pie,302
173332,1 cup,236
173333,1 cup,225
173334,1 piece,134
173338,1 oz,28.35
173339,1 bowl,340
173340,1 serving (makes about 1 cup prepared),70
173341,1 cup,198
173345,1 corndog,78
173346,1 piece,21
168585,3 oz,85.05
168586,3 oz,85.05
168587,3 oz,85.05
168588,3 oz,85.05
168589,3 oz,85.05
168590,3 oz,85.05
168591,3 oz,85.05
168592,3 oz,85.05
168593,3 oz,85.05
168594,3 oz,85.05
168595,3 oz,85.05
168596,3 oz,85.05
168597,3 oz,85.05
168599,3 oz,85.05
168600,3 oz,85.05
168601,3 oz,85.05
168602,3 oz,85.05
168603,3 oz,85.05
169406,3 oz,85.05
169407,3 oz,85.05
169408,3 oz,85.05
169409,3 oz,85.05
169410,3 oz,85.05
169411,3 oz,85.05
169412,3 oz,85.05
169413,3 oz,85.05
169414,3 oz,85.05
169415,3 oz,85.05
169416,3 oz,85.05
169417,3 oz,85.05
169418,3 oz,85.05
169419,3 oz,85.05
169421,3 oz,85.05
169422,3 oz,85.05
169423,3 oz,85.05
169424,3 oz,85.05
169425,3 oz,85.05
169426,3 oz,85.05
169427,3 oz,85.05
169428,3 oz,85.05
170144,3 oz,85.05
170145,3 oz,85.05
170146,1 oz,28.35
170147,1 oz,28.35
170148,3 oz,85.05
170149,3 oz,85.05
170150,3 oz,85.05
170151,3 oz,85.05
170152,3 oz,85.05
170153,1 oz,28.35
170154,3 oz,85.05
170155,3 oz,85.05
170156,1 oz,28.35
170157,3 oz,85.05
170158,3 oz,85.05
170159,3 oz,85.05
170161,3 oz,85.05
170162,3 oz,85.05
170163,3 oz,85.05
170164,3 oz,85.05
170165,3 oz,85.05
170166,3 oz,85.05
170167,3 oz,85.05
170168,3 oz,85.05
170169,3 oz,85.05
170170,3 oz,85.05
170171,3 oz,85.05
170172,3 oz,85.05
170173,3 oz,85.05
170174,3 oz,85.05
170175,3 oz,85.05
170176,3 oz,85.05
170177,3 oz,85.05
170178,3 oz,85.05
170179,3 oz,85.05
170180,3 oz,85.05
170182,3 oz,85.05
170183,3 oz,85.05
170184,3 oz,85.05
170185,3 oz,85.05
170186,3 oz,85.05
170187,3 oz,85.05
170188,3 oz,85.05
170189,3 oz,85.05
170190,3 oz,85.05
170191,3 oz,85.05
170192,3 oz,85.05
170552,3 oz,85.05
170553,3 oz,85.05
170554,3 oz,85.05
170555,1 oz,28.35
170556,3 oz,85.05
170557,3 oz,85.05
170558,3 oz,85.05
170559,3 oz,85.05
170560,1 oz,28.35
170561,3 oz,85.05
170562,3 oz,85.05
170563,3 oz,85.05
170564,3 oz,85.05
170565,3 oz,85.05
170566,3 oz,85.05
170567,3 oz,85.05
170568,3 oz,85.05
170569,3 oz,85.05
170570,3 oz,85.05
170571,3 oz,85.05
170572,3 oz,85.05
170573,3 oz,85.05
170574,3 oz,85.05
170575,3 oz,85.05
170576,3 oz,85.05
170577,3 oz,85.05
170578,3 oz,85.05
170579,3 oz,85.05
170580,3 oz,85.05
170581,3 oz,85.05
170582,3 oz,85.05
170583,3 oz,85.05
170584,3 oz,85.05
170585,3 oz,85.05
170587,3 oz,85.05
170588,3 oz,85.05
170589,3 oz,85.05
170590,3 oz,85.05
170591,3 oz,85.05
170592,3 oz,85.05
170595,3 oz,85.05
170596,3 oz,85.05
167712,3 oz,85.05
167810,3 oz,85.05
167811,1 tbsp,12.8
167813,1 tbsp,12.8
167814,3 oz,85.05
167815,3 oz,85.05
167816,3 oz,85.05
167817,3 oz,85.05
167818,3 oz,85.05
167819,3 oz,85.05
167820,3 oz,85.05
167821,3 oz,85.05
167822,3 oz,85.05
167823,3 oz,85.05
167824,3 oz,85.05
167825,3 oz,85.05
167826,3 oz,85.05
167827,3 oz,85.05
167828,3 oz,85.05
167829,3 oz,85.05
167830,3 oz,85.05
167831,3 oz,85.05
167832,3 oz,85.05
167833,3 oz,85.05
167834,3 oz,85.05
167835,3 oz,85.05
167836,3 oz,85.05
167837,3 oz,85.05
167838,3 oz,85.05
167839,3 oz,85.05
167840,3 oz,85.05
167841,3 oz,85.05
167842,3 oz,85.05
167843,3 oz,85.05
167844,3 oz,85.05
167845,3 oz,85.05
167846,3 oz,85.05
167847,3 oz,85.05
167848,3 oz,85.05
167849,3 oz,85.05
167850,3 oz,85.05
167851,3 oz,85.05
167852,3 oz,85.05
167853,3 oz,85.05
167854,3 oz,85.05
167855,3 oz,85.05
167857,3 oz,85.05
167858,3 oz,85.05
167860,3 oz,85.05
167861,1 oz,28.35
167862,3 oz,85.05
167863,3 oz,85.05
167864,3 oz,85.05
167865,3 oz,85.05
167866,3 oz,85.05
167868,3 oz,85.05
167869,3 oz,85.05
167870,3 oz,85.05
167871,3 oz,85.05
167872,3 oz,85.05
167873,3 oz,85.05
167874,3 oz,85.05
167875,3 oz,85.05
167876,3 oz,85.05
167877,1 tbsp,12.8
167878,1 tbsp,12.8
167879,3 oz,85.05
167880,3 oz,85.05
167881,3 oz,85.05
167882,3 oz,85.05
167883,3 oz,85.05
167884,3 oz,85.05
167885,3 oz,85.05
167886,3 oz,85.05
167887,3 oz,85.05
167888,3 oz,85.05
167889,3 oz,85.05
167890,3 oz,85.05
167891,3 oz,85.05
167892,3 oz,85.05
167893,3 oz,85.05
167894,3 oz,85.05
167895,3 oz,85.05
167896,3 oz,85.05
167897,3 oz,85.05
167898,3 oz,85.05
167899,3 oz,85.05
167900,3 oz,85.05
167901,3 oz,85.05
167902,3 oz,85.05
167903,3 oz,85.05
167904,3 oz,85.05
167905,3 oz,85.05
167906,3 oz,85.05
167907,3 oz,85.05
167908,3 oz,85.05
167912,3 oz,85.05
167913,3 oz,85.05
167914,3 oz,85.05
167915,3 oz,85.05
167916,3 oz,85.05
167917,3 oz,85.05
167918,3 oz,85.05
167919,3 oz,85.05
167920,3 oz,85.05
168218,3 oz,85.05
168219,3 oz,85.05
168220,3 oz,85.05
168221,1 tbsp,12.8
168222,3 oz,85.05
168223,3 oz,85.05
168224,3 oz,85.05
168225,3 oz,85.05
168226,3 oz,85.05
168227,3 oz,85.05
168228,3 oz,85.05
168229,3 oz,85.05
168230,3 oz,85.05
168231,3 oz,85.05
168232,3 oz,85.05
168233,3 oz,85.05
168234,3 oz,85.05
168235,3 oz,85.05
168236,3 oz,85.05
168237,3 oz,85.05
168238,3 oz,85.05
168239,3 oz,85.05
168240,3 oz,85.05
168241,3 oz,85.05
168242,3 oz,85.05
168243,3 oz,85.05
168244,3 oz,85.05
168245,3 oz,85.05
168246,3 oz,85.05
168247,3 oz,85.05
168248,3 oz,85.05
168249,3 oz,85.05
168250,3 oz,85.05
168251,3 oz,85.05
168252,3 oz,85.05
168253,3 oz,85.05
168254,3 oz,85.05
168255,3 oz,85.05
168256,3 oz,85.05
168257,3 oz,85.05
168258,3 oz,85.05
168259,3 oz,85.05
168260,3 oz,85.05
168261,3 oz,85.05
168262,3 oz,85.05
168263,3 oz,85.05
168264,3 oz,85.05
168265,3 oz,85.05
168267,3 oz,85.05
168268,3 oz,85.05
168269,1 oz,28.35
168270,3 oz,85.05
168271,3 oz,85.05
168272,3 oz,85.05
168273,3 oz,85.05
168274,3 oz,85.05
168275,3 oz,85.05
168276,3 oz,85.05
168278,3 oz,85.05
168279,3 oz,85.05
168280,3 oz,85.05
168281,3 oz,85.05
168282,3 oz,85.05
168283,3 oz,85.05
168284,3 oz,85.05
168285,3 oz,85.05
168286,3 oz,85.05
168287,4 oz,113
168288,3 oz,85.05
168289,3 oz,85.05
168291,3 oz,85.05
168292,3 oz,85.05
168293,3 oz,85.05
168294,3 oz,85.05
168295,3 oz,85.05
168296,3 oz,85.05
168297,3 oz,85.05
168298,3 oz,85.05
168299,3 oz,85.05
168300,3 oz,85.05
168301,3 oz,85.05
168302,3 oz,85.05
168303,3 oz,85.05
168304,3 oz,85.05
168305,3 oz,85.05
168306,3 oz,85.05
168307,3 oz,85.05
168308,3 oz,85.05
168309,3 oz,85.05
168310,3 oz,85.05
168311,3 oz,85.05
168312,3 oz,85.05
168313,3 oz,85.05
168314,3 oz,85.05
168315,3 oz,85.05
168316,3 oz,85.05
168321,3 oz,85.05
168322,3 oz,85.05
168325,3 oz,85.05
168326,3 oz,85.05
168327,3 oz,85.05
168328,3 oz,85.05
168329,3 oz,85.05
168330,3 oz,85.05
168331,3 oz,85.05
168332,3 oz,85.05
168333,3 oz,85.05
168334,3 oz,85.05
168335,3 oz,85.05
168336,3 oz,85.05
168337,3 oz,85.05
168338,3 oz,85.05
168339,3 oz,85.05
168340,3 oz,85.05
168341,3 oz,85.05
168342,3 oz,85.05
168343,3 oz,85.05
168344,3 oz,85.05
168345,3 oz,85.05
168346,3 oz,85.05
168347,3 oz,85.05
168348,3 oz,85.05
168349,3 oz,85.05
168350,3 oz,85.05
168351,3 oz,85.05
168352,3 oz,85.05
168353,3 oz,85.05
168354,3 oz,85.05
168355,3 oz,85.05
168356,3 oz,85.05
168357,3 oz,85.05
168358,3 oz,85.05
168359,3 oz,85.05
168360,3 oz,85.05
168361,3 oz,85.05
168362,3 oz,85.05
168363,3 oz,85.05
168364,3 oz,85.05
168365,3 oz,85.05
168366,3 oz,85.05
168367,3 oz,85.05
168368,3 oz,85.05
168369,3 oz,85.05
168370,3 oz,85.05
168371,3 oz,85.05
168372,3 oz,85.05
168373,3 oz,85.05
168374,3 oz,85.05
168375,3 oz,85.05
168376,3 oz,85.05
168377,3 oz,85.05
168378,3 oz,85.05
168379,3 oz,85.05
168380,3 oz,85.05
168381,3 oz,85.05
168382,3 oz,85.05
168383,3 oz,85.05
169082,3 oz,85.05
169148,3 oz,85.05
169149,3 oz,85.05
169150,3 oz,85.05
169151,3 oz,85.05
169152,3 oz,85.05
169153,3 oz,85.05
169154,3 oz,85.05
169155,3 oz,85.05
169156,3 oz,85.05
169157,3 oz,85.05
169158,3 oz,85.05
169159,3 oz,85.05
169160,3 oz,85.05
169161,3 oz,85.05
169162,3 oz,85.05
169163,3 oz,85.05
169164,3 oz,85.05
169165,3 oz,85.05
169166,3 oz,85.05
169167,3 oz,85.05
169168,3 oz,85.05
169169,3 oz,85.05
169170,3 oz,85.05
169171,3 oz,85.05
169172,3 oz,85.05
169173,3 oz,85.05
169174,3 oz,85.05
169175,3 oz,85.05
169176,3 oz,85.05
169177,3 oz,85.05
169178,3 oz,85.05
169179,4 oz,113
169180,3 oz,85.05
169181,3 oz,85.05
169182,3 oz,85.05
169183,3 oz,85.05
169184,3 oz,85.05
169185,3 oz,85.05
169186,3 oz,85.05
169187,3 oz,85.05
169188,3 oz,85.05
169189,3 oz,85.05
169190,3 oz,85.05
169191,3 oz,85.05
169192,3 oz,85.05
169193,3 oz,85.05
169194,3 oz,85.05
169195,3 oz,85.05
169196,3 oz,85.05
169197,3 oz,85.05
169198,3 oz,85.05
169199,3 oz,85.05
169200,3 oz,85.05
169201,3 oz,85.05
171047,3 oz,85.05
171048,3 oz,85.05
171049,3 oz,85.05
171050,3 oz,85.05
171051,3 oz,85.05
171052,3 oz,85.05
171053,3 oz,85.05
171054,3 oz,85.05
171055,1 oz,28.35
171056,1 oz,28.35
171057,3 oz,85.05
171058,3 oz,85.05
171059,3 oz,85.05
171060,3 oz,85.05
171061,3 oz,85.05
171062,3 oz,85.05
171063,3 oz,85.05
171064,3 oz,85.05
171065,3 oz,85.05
171066,3 oz,85.05
171067,3 oz,85.05
171068,3 oz,85.05
171069,3 oz,85.05
171070,3 oz,85.05
171071,3 oz,85.05
171072,3 oz,85.05
171073,3 oz,85.05
171074,3 oz,85.05
171075,3 oz,85.05
171076,3 oz,85.05
171077,3 oz,85.05
171078,3 oz,85.05
171079,3 oz,85.05
171080,3 oz,85.05
171081,3 oz,85.05
171082,1 oz,28.35
171083,3 oz,85.05
171084,3 oz,85.05
171085,3 oz,85.05
171086,3 oz,85.05
171087,3 oz,85.05
171088,3 oz,85.05
171089,3 oz,85.05
171090,3 oz,85.05
171091,3 oz,85.05
171092,3 oz,85.05
171093,3 oz,85.05
171094,3 oz,85.05
171095,3 oz,85.05
171096,3 oz,85.05
171097,3 oz,85.05
171098,3 oz,85.05
171099,3 oz,85.05
171100,1 oz,28.35
171101,3 oz,85.05
171102,3 oz,85.05
171103,3 oz,85.05
171104,3 oz,85.05
171105,3 oz,85.05
171106,3 oz,85.05
171107,3 oz,85.05
171108,3 oz,85.05
171109,3 oz,85.05
171111,3 oz,85.05
171112,3 oz,85.05
171113,3 oz,85.05
171114,3 oz,85.05
171115,3 oz,85.05
171116,3 oz,85.05
171117,3 oz,85.05
171118,3 oz,85.05
171120,3 oz,85.05
171121,3 oz,85.05
171122,3 oz,85.05
171123,3 oz,85.05
171124,3 oz,85.05
171125,3 oz,85.05
171126,3 oz,85.05
171127,3 oz,85.05
171128,3 oz,85.05
171129,3 oz,85.05
171130,3 oz,85.05
171131,3 oz,85.05
171132,3 oz,85.05
171133,3 oz,85.05
171134,3 oz,85.05
171135,3 oz,85.05
171136,3 oz,85.05
171137,3 oz,85.05
171138,3 oz,85.05
171139,3 oz,85.05
171140,3 oz,85.05
171445,3 oz,85.05
171446,3 oz,85.05
171447,3 oz,85.05
171448,3 oz,85.05
171449,3 oz,85.05
171450,3 oz,85.05
171451,3 oz,85.05
171452,1 oz,28.35
171453,1 oz,28.35
171454,1 oz,28.35
171455,3 oz,85.05
171458,3 oz,85.05
171459,3 oz,85.05
171460,3 oz,85.05
171461,3 oz,85.05
171462,3 oz,85.05
171463,3 oz,85.05
171464,3 oz,85.05
171465,3 oz,85.05
171466,3 oz,85.05
171467,3 oz,85.05
171468,1 tbsp,12.8
171469,3 oz,85.05
171470,3 oz,85.05
171471,3 oz,85.05
171472,3 oz,85.05
171473,3 oz,85.05
171474,3 oz,85.05
171475,3 oz,85.05
171476,3 oz,85.05
171477,3 oz,85.05
171478,3 oz,85.05
171479,3 oz,85.05
171480,3 oz,85.05
171481,3 oz,85.05
171482,1 oz,28.35
171483,3 oz,85.05
171484,3 oz,85.05
171485,3 oz,85.05
171486,3 oz,85.05
171487,3 oz,85.05
171488,3 oz,85.05
171489,3 oz,85.05
171490,3 oz,85.05
171491,3 oz,85.05
171492,3 oz,85.05
171493,3 oz,85.05
171494,3 oz,85.05
171495,3 oz,85.05
171496,3 oz,85.05
171497,3 oz,85.05
171498,3 oz,85.05
171499,1 oz,28.35
171500,1 package (5 oz),142
171501,3 oz,85.05
171502,3 oz,85.05
171503,3 oz,85.05
171504,3 oz,85.05
171505,3 oz,85.05
171506,3 oz,85.05
171507,3 oz,85.05
171508,3 oz,85.05
171509,3 oz,85.05
171510,3 oz,85.05
171511,3 oz,85.05
171512,3 oz,85.05
171513,3 oz,85.05
171514,3 oz,85.05
171515,3 oz,85.05
171516,3 oz,85.05
171517,3 oz,85.05
171518,3 oz,85.05
171519,3 oz,85.05
171520,1 oz,28.35
171521,3 oz,85.05
171522,3 oz,85.05
171523,3 oz,85.05
171524,1 oz,28.35
171525,3 oz,85.05
171526,3 oz,85.05
171527,3 oz,85.05
171528,3 oz,85.05
171529,3 oz,85.05
171530,3 oz,85.05
171531,3 oz,85.05
171532,3 oz,85.05
171533,3 oz,85.05
171534,3 oz,85.05
171535,3 oz,85.05
171536,3 oz,85.05
172373,3 oz,85.05
172374,3 oz,85.05
172375,3 oz,85.05
172376,3 oz,85.05
172377,3 oz,85.05
172378,3 oz,85.05
172379,3 oz,85.05
172380,3 oz,85.05
172381,3 oz,85.05
172382,3 oz,85.05
172383,3 oz,85.05
172384,3 oz,85.05
172385,3 oz,85.05
172386,3 oz,85.05
172387,3 oz,85.05
172388,3 oz,85.05
172389,3 oz,85.05
172390,3 oz,85.05
172391,3 oz,85.05
172392,3 oz,85.05
172393,3 oz,85.05
172394,3 oz,85.05
172395,3 oz,85.05
172396,3 oz,85.05
172397,3 oz,85.05
172398,3 oz,85.05
172399,3 oz,85.05
172400,3 oz,85.05
172401,3 oz,85.05
172402,3 oz,85.05
172403,3 oz,85.05
172404,3 oz,85.05
172405,3 oz,85.05
172406,3 oz,85.05
172407,3 oz,85.05
172408,3 oz,85.05
172409,3 oz,85.05
172410,3 oz,85.05
172411,3 oz,85.05
172412,3 oz,85.05
172413,3 oz,85.05
172414,3 oz,85.05
172415,3 oz,85.05
172416,3 oz,85.05
172417,3 oz,85.05
172418,3 oz,85.05
172419,3 oz,85.05
172829,3 oz,85.05
172830,3 oz,85.05
172832,3 oz,85.05
172833,3 oz,85.05
172834,3 oz,85.05
172835,3 oz,85.05
172836,3 oz,85.05
172837,3 oz,85.05
172838,3 oz,85.05
172839,3 oz,85.05
172840,3 oz,85.05
172841,3 oz,85.05
172842,3 oz,85.05
172843,3 oz,85.05
172844,3 oz,85.05
172845,3 oz,85.05
172846,3 oz,85.05
172847,3 oz,85.05
172848,3 oz,85.05
172849,3 oz,85.05
172850,3 oz,85.05
172851,3 oz,85.05
172852,3 oz,85.05
172853,3 oz,85.05
172854,1 oz,28.35
172855,1 oz,28.35
172856,3 oz,85.05
172857,3 oz,85.05
172858,3 oz,85.05
172859,3 oz,85.05
172860,3 oz,85.05
172861,3 oz,85.05
172862,3 oz,85.05
172863,3 oz,85.05
172864,3 oz,85.05
172865,3 oz,85.05
172866,1 oz,28.35
172867,1 oz,28.35
172868,3 oz,85.05
172869,3 oz,85.05
172870,3 oz,85.05
172871,3 oz,85.05
172872,3 oz,85.05
172873,1 oz,28.35
172874,1 oz,28.35
172875,3 oz,85.05
172876,3 oz,85.05
172877,3 oz,85.05
172878,3 oz,85.05
173611,3 oz,85.05
173612,3 oz,85.05
173613,3 oz,85.05
173614,3 oz,85.05
173615,3 oz,85.05
173616,3 oz,85.05
173617,3 oz,85.05
173618,3 oz,85.05
173619,3 oz,85.05
173620,3 oz,85.05
173621,3 oz,85.05
173622,3 oz,85.05
173623,3 oz,85.05
173624,3 oz,85.05
173625,3 oz,85.05
173626,3 oz,85.05
173627,3 oz,85.05
173628,3 oz,85.05
173629,3 oz,85.05
173630,3 oz,85.05
173631,3 oz,85.05
173632,3 oz,85.05
173633,3 oz,85.05
173635,3 oz,85.05
173636,3 oz,85.05
173637,3 oz,85.05
173638,3 oz,85.05
173639,3 oz,85.05
173640,3 oz,85.05
173641,3 oz,85.05
173642,3 oz,85.05
173643,3 oz,85.05
173644,3 oz,85.05
173645,3 oz,85.05
173646,3 oz,85.05
174465,3 oz,85.05
174466,3 oz,85.05
174467,3 oz,85.05
174468,3 oz,85.05
174469,3 oz,85.05
174470,3 oz,85.05
174471,3 oz,85.05
174472,3 oz,85.05
174473,3 oz,85.05
174474,3 oz,85.05
174475,3 oz,85.05
174476,3 oz,85.05
174477,3 oz,85.05
174478,3 oz,85.05
174479,3 oz,85.05
174480,3 oz,85.05
174481,3 oz,85.05
174482,3 oz,85.05
174483,3 oz,85.05
174484,3 oz,85.05
174485,3 oz,85.05
174486,3 oz,85.05
174487,3 oz,85.05
174488,3 oz,85.05
174489,3 oz,85.05
174490,3 oz,85.05
174491,3 oz,85.05
174492,3 oz,85.05
174493,3 oz,85.05
174494,3 oz,85.05
174495,3 oz,85.05
174496,1 oz,28.35
174497,3 oz,85.05
174498,3 oz,85.05
174499,3 oz,85.05
174500,3 oz,85.05
174501,1 oz,28.35
174502,1 oz,28.35
174503,1 oz,28.35
174504,3 oz,85.05
174505,3 oz,85.05
174506,3 oz,85.05
174507,3 oz,85.05
174508,3 oz,85.05
174509,3 oz,85.05
174510,3 oz,85.05
174511,3 oz,85.05
174512,3 oz,85.05
174513,3 oz,85.05
174514,3 oz,85.05
174515,3 oz,85.05
174516,3 oz,85.05
174517,3 oz,85.05
174518,3 oz,85.05
174519,3 oz,85.05
174520,3 oz,85.05
174521,3 oz,85.05
167658,1 taco,134
167659,1 cup,141
167660,1 piece,89
167661,1 piece,126
167662,1 piece,117
167663,1 piece,122
167664,1 piece,166
167665,1 cup,116
167666,1 cup,148
167667,1 piece,89
167668,1 cup,137
167669,1 serving,198
167670,1 steak,151
167671,1 serving,257
167672,1 serving,165
167673,1 steak,107
167674,3 pieces,73
167675,3 pieces,53
167676,1 order,604
167678,1 cup,153
167679,3 pieces,63
167680,1 serving,554
168062,1 serving,301
168063,1 cup,253
168064,1 cup,146
168065,1 cup,157
168066,1 cup,115
168067,1 piece,142
168068,1 cup,246
168069,1 cup,200
168070,1 piece,98
168071,1 piece,70
168072,1 order,574
168073,1 serving,103
168074,1 piece,36
168075,1 piece,124
168076,1 piece,27
168077,1 piece,16
168078,1 cup,134
168080,1 order,601
168081,3 pieces,55
168082,3 pieces,42
168083,1 order,604
168085,1 serving,525
168086,1 serving,537
169008,1 serving,206
169010,1 cup,124
169011,1 piece,32
169012,1 piece,35
169013,1 piece,41
169014,1 serving,176
169015,1 piece,31
169016,1 serving,166
169017,1 serving,250
169018,1 cup,136
169019,1 serving,225
169020,1 serving,76
169021,1 serving,261
169022,1 serving,194
169023,1 serving,91
169024,1 serving,201
169027,1 serving,259
169028,1 cup,136
169029,1 cup,134
169030,1 serving,437
169033,1 serving,510
169035,1 quesadilla 8-10 inch diameter,194
169036,1 serving,365
169037,1 serving,454
169038,1 serving,427
169831,1 serving,157
169832,1 serving,175
169834,1 piece,35
169835,1 cup,144
169836,1 serving,170
169837,1 piece,37
169838,1 serving,169
169839,1 cup,136
169840,1 serving,350
169841,1 serving,209
169842,1 serving,175
169843,1 serving,167
169844,1 serving,166
169845,1 cup,134
169846,1 serving,226
169847,1 serving,201
169849,1 cup,149
169850,1 serving,457
169851,1 serving,422
169852,1 serving,478
169853,1 serving,489
169855,1 enchilada,137
169856,1 tamale,179
169857,1 serving,339
169858,1 serving,304
170202,3 oz,85.05
170204,3 oz,85.05
170602,1 oz,28.35
170604,10 slices,28
170606,3 oz,85.05
170607,3 oz,85.05
171601,3 oz,85.05
171616,3 oz,85.05
171617,3 oz,85.05
171618,3 oz,85.05
171619,3 oz,85.05
171620,3 oz,85.05
171621,3 oz,85.05
171622,3 oz,85.05
171623,3 oz,85.05
171624,3 oz,85.05
171625,3 oz,85.05
171626,3 oz,85.05
171628,3 oz,85.05
171629,3 oz,85.05
171632,3 oz,85.05
171633,3 oz,85.05
171634,3 oz,85.05
171635,3 oz,85.05
171636,3 oz,85.05
171637,3 oz,85.05
171640,3 oz,85.05
172012,3 oz,85.05
172013,3 oz,85.05
172926,3 oz,85.05
172927,3 oz,85.05
172928,3 oz,85.05
172929,3 oz,85.05
172930,3 oz,85.05
172931,3 oz,85.05
172932,3 oz,85.05
172933,3 oz,85.05
172934,3 oz,85.05
172935,3 oz,85.05
172936,3 oz,85.05
172937,3 oz,85.05
172938,1 oz,28.35
172939,3 oz,85.05
172942,3 oz,85.05
172943,3 oz,85.05
172952,3 oz,85.05
172953,3 oz,85.05
172954,3 oz,85.05
172955,3 oz,85.05
172956,3 oz,85.05
172958,3 oz,85.05
172959,3 oz,85.05
172961,3 oz,85.05
172962,3 oz,85.05
172963,3 oz,85.05
172964,3 oz,85.05
172965,3 oz,85.05
172966,3 oz,85.05
172967,3 oz,85.05
172968,3 oz,85.05
172971,3 oz,85.05
173856,3 oz,85.05
173857,3 oz,85.05
173858,3 oz,85.05
173860,2 slices,57
173861,3 oz,85.05
173864,3 oz,85.05
173865,3 oz,85.05
173866,3 oz,85.05
173867,3 oz,85.05
173869,3 oz,85.05
173870,3 oz,85.05
173871,2 oz,57
173873,3 oz,85.05
173874,3 oz,85.05
173875,3 oz,85.05
173876,3 oz,85.05
173877,3 oz,85.05
173878,3 oz,85.05
173879,3 oz,85.05
173880,3 oz,85.05
173881,3 oz,85.05
173882,3 oz,85.05
173883,3 oz,85.05
174571,3 oz,85.05
174572,3 oz,85.05
174573,3 oz,85.05
174575,3 oz,85.05
174576,3 oz,85.05
174577,3 oz,85.05
174578,3 oz,85.05
174579,3 oz,85.05
174580,3 oz,85.05
174581,3 oz,85.05
174582,3 oz,85.05
174583,3 oz,85.05
174584,3 oz,85.05
174587,3 oz,85.05
174588,3 oz,85.05
174595,3 oz,85.05
174596,3 oz,85.05
174598,3 oz,85.05
174599,3 oz,85.05
174601,3 oz,85.05
174602,1 oz,28.35
174603,3 oz,85.05
174604,3 oz,85.05
174605,3 oz,85.05
174606,3 oz,85.05
174608,3 oz,85.05
174609,3 oz,85.05
174610,3 oz,85.05
174613,3 oz,85.05
174614,3 oz,85.05
174615,3 oz,85.05
174617,3 oz,85.05
174618,3 oz,85.05
167537,1 oz,28.35
167538,1 oz,28.35
167539,1 oz,28.35
167542,1 bar,21
167543,1 bar,24
167544,1 bar,43
167545,1 bar,35
167547,1 bar,37
167548,1 bar,28
167549,1 cup,11
167550,1 cake,10
167551,1 oz,28.35
167552,1 oz,28.35
167553,1 oz,28.35
167554,1 oz,28.35
167555,1 oz,28.35
167556,1 oz,28.35
167557,1 cake,9
167559,1 oz,28.35
167560,1 oz,28.35
167561,1 oz,28.35
167948,1 oz,28.35
167949,1 oz,28.35
167951,1 bar,28
167952,1 bar,24
167954,1 bar,28
167955,1 bar,28
167958,1 oz,28.35
167959,1 oz,28.35
167960,1 oz,28.35
167961,1 oz,28.35
167963,1 oz,28.35
167965,1 oz,28.35
167966,1 cake,9
167967,1 cake,9
167968,1 oz,28.35
167969,1 oz,28.35
167970,1 oz,28.35
168849,1 oz,28.35
168850,1 stick,20
168851,1 oz,28.35
168853,1 oz,28.35
168855,1 cake,9
168856,1 oz,28.35
168857,1 cake,9
168858,1 oz,28.35
168865,1 oz,28.35
169673,1 bar,28
169674,1 bar,43
169675,1 bar,28
169676,1 bar,28
169677,1 oz,28.35
169678,1 oz,28.35
169679,1 cake,9
169680,1 cake,9
169681,1 bar,24
169682,1 oz,28.35
169683,1 oz,28.35
170244,1 oz,28.35
170245,1 oz,28.35
170246,1 oz,28.35
170247,1 oz,28.35
170248,1 oz,28.35
170249,1 oz,28.35
170250,1 cake,9
170251,1 cake,9
170252,1 cake,9
170256,1 oz,28.35
170647,1 cake,9
170648,1 oz,28.35
170649,1 oz,28.35
170650,1 oz,28.35
170651,1 oz,28.35
170652,1 cake,9
170653,1 oz,28.35
170654,1 oz,28.35
170655,1 oz,28.35
173131,1 oz,28.35
173136,1 bar,44
173137,1 bar,68
173139,1 bar,55
173140,1 oz,28.35
173141,1 oz,28.35
173145,1 bar,24
173146,1 package,20
173147,1 oz,28.35
173149,1 bar,40
173150,1 oz,28.35
173153,1 bar,35
173154,1 bar,31
173155,1 cake,9
173156,1 oz,28.35
173160,1 oz,28.35
174783,1 oz,28.35
174784,1 oz,28.35
174785,1 oz,28.35
174786,1 bar,80
174787,1 bar,48
174795,1 bar,60
174796,1 oz,28.35
174801,1 bar,35
174806,1 serving,30
171142,1 cup,243
171143,1 cup,263
171145,1 cup,243
171146,1 cup,243
171147,1 cup,243
171149,1 cup,243
171153,1 cup,243
171155,1 cup,243
171157,0.5 cup,135
171158,1 cup,243
171160,1 cup,243
171161,1 cup,243
171162,1 cup,243
171163,1 cup,243
171164,1 cup,243
171537,1 cup,243
171539,1 cup,243
171540,1 cup,243
171546,1 cup,243
171554,0.5 cup,128
171555,1 cup,243
171558,1 cup,243
171571,1 packet,74
171574,1 cup,243
171599,2 tbsp,14
171821,1 cup,243
172881,1 cup,243
172891,1 cup,243
172893,1 cup,243
172894,1 cup,243
172896,1 cup,243
172897,1 cup,243
172901,1 cup,243
172902,1 cup,243
172905,1 cup,243
172907,1 cup,243
172908,1 cup,243
172913,1 cup,243
172916,1 cup,243
172917,1 cup,243
174525,2 tbsp,34
174526,2 tbsp,34
174527,2 tbsp,34
174528,2 tbsp,34
174537,1 cup,243
174540,1 cup,243
174546,1 cup,243
174549,1 cup,243
174550,1 cup,243
174553,1 cup,243
174562,1 cup,243
174563,1 cup,243
174807,1 cup,243
174808,1 cup,243
170918,1 tsp,1.7
170924,1 tsp,1.7
170926,1 tsp,1.7
170929,1 tsp,1.7
170930,1 tsp,1.7
170931,1 tsp,1.7
171317,1 tsp,1.7
171319,1 tsp,1.7
171320,1 tsp,1.7
171321,1 tsp,1.7
171323,1 tsp,1.7
171324,1 tsp,1.7
171325,1 tsp,1.7
171327,1 tsp,1.7
171328,1 tsp,1.7
171329,1 tsp,1.7
171330,1 tsp,1.7
172231,1 tsp,1.7
172232,1 tsp,1.7
172233,1 tsp,1.7
172234,1 tsp,1.7
172239,1 tsp,1.7
173468,1 tsp,1.7
173469,1 tsp,1.7
173473,1 tsp,1.7
173474,1 tsp,1.7
173475,1 tsp,1.7
167546,1 serving,40
167567,1 oz,28.35
167568,1 oz,28.35
167573,0.5 cup,107
167575,0.5 cup,66
167576,0.5 cup,88
167588,0.5 cup,147
167589,0.5 cup,142
167953,0.25 cup,84
167956,2 tbsp,34
167971,6 pieces,40
167974,1 piece,10.1
167976,1 serving,14.5
167977,1 bar (1.45 oz),41
167981,0.5 cup,86
167992,1 bar (1.5 oz),42
167995,1 regular,7.2
167998,0.5 cup,142
168772,1 portion (makes 0.5 cup),21
168773,0.5 cup,141
168775,1 portion (makes 0.5 cup),21
168780,0.5 cup,128
168781,0.5 cup,147
168785,0.5 cup,142
168786,1 serving,8
168787,0.5 cup,141
168788,0.5 cup,128
168789,0.5 cup,142
168790,0.5 cup,142
168793,0.5 cup,142
168795,2 tbsp,41
168796,0.5 cup,141
168800,2 tbsp,33
168802,0.08 package,34
168803,0.08 package,17
168815,0.5 cup,72
168819,1 tbsp,20
168824,0.12 can,74
168825,0.5 cup,127
168827,0.5 cup,147
168829,0.5 cup,140
168830,0.5 cup,147
168831,1 portion (makes 0.5 cup),21
168844,2 tbsp,33
168845,2 tbsp,33
168848,0.5 cup,72
169585,1 bar (1.4 oz),40
169593,1 tbsp,5.4
169594,1 tbsp,5.4
169596,1 serving,21
169599,1 envelope (1 tbsp),7
169600,0.5 cup,147
169605,0.5 cup,128
169606,1 portion (makes 0.5 cup),23
169607,0.5 cup,128
169609,1 portion (makes 0.5 cup),22
169611,0.5 cup,128
169612,0.5 cup,128
169615,0.5 cup,140
169616,1 tbsp,9
169617,0.5 cup,142
169619,2 tbsp,33
169621,0.5 cup,141
169625,1 package,388
169626,0.08 package,26
169640,1 tbsp,14
169641,1 tbsp,20
169649,0.5 cup,127
169650,1 portion (makes 0.5 cup),22
169654,1 portion (makes 0.5 cup),25
169657,1 packet,1
169660,1 tbsp,21
169666,2 tbsp,41
169690,1 oz (approx 60 pcs),28.35
169691,1 portion (makes 0.5 cup),21
169692,1 portion (makes 0.5 cup),2.5
169693,1 portion (makes 0.5 cup),2.5
170241,1 portion (makes 0.5 cup),22
170242,1 portion (makes 0.5 cup),21
170243,1 portion (makes 0.5 cup),23
170278,1 piece,60
170644,1 portion (makes 0.5 cup),22
170671,0.5 cup (4 fl oz),66
170677,2 tbsp,35
170680,1 serving,52
170681,1 tbsp,20
167602,0.25 cup,5
167603,1 cup,91
168385,1 cup,91
168389,1 cup,91
168390,1 cup,91
168395,1 cup,91
168396,1 cup,91
168397,1 cup,91
168398,1 cup,91
168399,1 cup,91
168400,1 cup,91
168401,1 cup,91
168402,1 cup,91
168403,1 cup,91
168404,1 cup,91
168409,1 cup,91
168410,1 cup,91
168411,1 cup,91
168412,1 cup,91
168413,1 cup,91
168416,1 cup,21
168417,1 cup,42
168419,1 cup,91
168420,1 cup,91
168421,1 cup,91
168424,1 cup,91
168425,1 cup,91
168426,1 cup,91
168429,1 cup,91
168430,1 cup,91
168431,1 cup,91
168432,1 cup,91
168433,1 cup,91
168434,1 cup,91
168435,1 cup,91
168436,not provided,15
168437,1 cup,91
168442,1 cup,91
168444,1 cup,91
168446,0.5 cup,80
168447,1 cup,91
168448,1 cup,91
168449,1 cup,91
168450,1 cup,91
168451,1 cup,91
168452,1 cup,91
168453,1 cup,91
168457,1 cup,91
168458,not provided,26
168459,1 cup,91
168460,1 cup,91
168461,1 cup,91
168462,1 cup,91
168463,1 cup,91
168464,1 cup,91
168465,1 cup,91
168466,1 cup,91
168467,1 cup,91
168468,1 cup,91
168469,1 cup,91
168470,1 cup,91
168471,1 cup,91
168472,1 cup,91
168473,1 cup,91
168474,1 cup,91
168475,1 cup,91
168476,1 cup,91
168477,1 cup,91
168478,1 cup,91
168479,1 cup,91
168480,1 cup,91
168481,1 cup,91
168482,1 cup,91
168483,1 cup,91
168484,1 cup,91
168485,1 cup,91
168486,1 cup,91
168487,1 cup,28
168488,1 cup,91
168492,1 cup,91
168494,1 cup,91
168497,1 cup,91
168498,1 cup,91
168499,1 cup,91
168500,1 cup,91
168502,1 cup,91
168503,1 cup,91
168504,1 cup,91
168505,1 cup,91
168506,1 cup,91
168507,1 cup,91
168508,1 cup,91
168510,1 cup,91
168511,1 cup,91
168512,1 cup,91
168513,1 cup,91
168514,1 cup,91
168515,1 cup,91
168516,1 cup,91
168517,1 cup,91
168518,1 cup,91
168519,1 cup,91
168520,1 cup,91
168521,1 cup,91
168523,1 cup,91
168524,1 cup,91
168525,1 cup,91
168526,1 cup,91
168527,1 cup,91
168531,1 cup,42
168534,1 cup,91
168535,1 cup,91
168536,1 cup,91
168537,1 cup,91
168538,1 cup,91
168539,1 cup,91
168540,1 cup,91
168541,1 cup,91
168542,1 cup,91
168543,1 cup,91
168544,1 cup,91
168545,1 cup,91
168546,1 cup,91
168547,1 cup,91
168548,1 cup,91
168549,1 cup,91
168550,1 cup,91
168552,1 cup,91
168554,1 cup,91
168555,1 cup,91
168556,1 cup,91
168558,1 cup,91
168559,1 cup,91
168560,1 cup,91
168561,1 cup,91
168562,1 cup,91
168563,1 cup,91
168564,1 cup,91
168565,1 cup,91
168567,0.5 cup,51
168568,1 cup,91
168569,1 cup,91
168570,0.25 cup,9.25
168571,1 cup,91
168577,1 cup,91
168578,1 cup,91
168580,1 cup,91
169074,1 cup,91
169135,1 cup,91
169136,1 cup,91
169137,1 cup,91
169138,1 cup,91
169139,1 cup,91
169140,1 cup,91
169141,1 cup,91
169142,1 cup,91
169143,1 cup,91
169144,1 cup,91
169145,1 cup,91
169146,1 cup,91
169147,1 cup,91
169202,1 cup,91
169206,1 cup,91
169207,1 cup,91
169208,1 cup,91
169209,1 cup,91
169210,1 cup,91
169211,1 cup,91
169212,1 cup,91
169213,1 cup,91
169214,1 cup,91
169215,1 cup,91
169216,1 cup,91
169217,1 cup,91
169218,1 cup,91
169219,1 cup,91
169220,1 cup,91
169222,1 cup,91
169223,1 cup,91
169225,1 cup,91
169228,1 cup,91
169229,1 cup,91
169230,1 tsp,2.8
169231,1 cup,91
169232,1 cup,91
169233,1 cup,91
169238,1 cup,91
169239,1 cup,91
169240,1 cup,91
169242,1 cup,91
169243,1 cup,91
169244,1 cup,91
169245,1 cup,91
169246,1 cup,91
169247,1 cup,91
169248,1 cup,91
169249,1 cup,91
169250,1 cup,91
169251,1 cup,91
169252,1 cup,91
169253,1 cup,91
169254,1 cup,91
169255,1 cup,91
169258,1 cup,91
169259,1 cup,91
169260,1 cup,91
169261,1 cup,91
169262,1 cup,91
169263,1 cup,91
169264,1 cup,91
169265,1 cup,91
169266,1 cup,91
169267,1 cup,91
169268,1 cup,91
169269,1 cup,91
169272,1 cup,91
169273,1 cup,91
169275,1 cup,91
169276,1 cup,91
169279,1 cup,91
169281,1 cup,91
169282,1 cup,91
169283,1 cup,91
169284,1 cup,91
169285,1 cup,91
169286,1 cup,91
169287,1 cup,91
169288,1 cup,91
169289,1 cup,91
169290,1 cup,91
169291,1 cup,91
169292,1 cup,91
169293,1 cup,91
169294,1 cup,91
169295,1 cup,91
169296,1 cup,91
169297,1 cup,91
169298,1 cup,91
169299,1 cup,91
169300,1 cup,91
169305,1 cup,91
169306,1 cup,91
169307,1 cup,91
169308,1 cup,91
169313,1 cup,91
169314,1 cup,91
169315,1 cup,91
169316,1 cup,91
169317,1 cup,91
169318,1 cup,91
169319,1 cup,91
169320,1 cup,91
169321,1 cup,91
169322,1 cup,91
169323,1 cup,91
169324,1 cup,91
169325,1 cup,91
169326,1 cup,91
169327,1 cup,91
169328,1 cup,91
169329,1 cup,91
169330,1 cup,91
169331,1 cup,91
169332,1 cup,91
169333,1 cup,91
169335,1 cup,91
169336,1 cup,91
169337,1 cup,91
169339,1 cup,91
169340,1 cup,91
169342,1 cup,91
169343,1 cup,91
169344,1 cup,91
169345,1 cup,91
169346,1 cup,91
169347,1 cup,91
169348,1 cup,91
169349,1 cup,91
169352,1 cup,91
169353,1 cup,91
169354,1 cup,91
169355,1 cup,91
169356,1 cup,91
169357,1 cup,91
169359,1 cup,91
169360,1 cup,91
169361,1 cup,91
169362,1 cup,91
169363,1 cup,91
169364,1 cup,91
169365,1 cup,91
169366,1 cup,91
169367,1 cup,91
169368,1 cup,91
169369,1 cup,91
169370,1 cup,91
169372,1 cup,91
169373,0.25 cup,1.6
169374,1 cup,91
169375,1 cup,91
169377,1 cup,91
169378,1 cup,91
169379,1 cup,91
169380,1 cup,91
169381,1 cup,91
169382,1 cup,91
169383,1 cup,91
169384,not provided,3
169386,1 cup,91
169388,1 cup,91
169389,1 cup,91
169390,1 cup,91
169391,1 cup,91
169396,not provided,17
169402,1 cup,91
169403,1 cup,91
169768,1 cup,91
169953,1 cup,91
169954,1 cup,91
169955,1 cup,91
169956,1 cup,91
169957,1 cup,91
169961,1 cup,91
169962,1 cup,91
169963,1 cup,91
169964,1 cup,91
169966,1 cup,91
169967,1 cup,91
169968,1 cup,91
169969,1 cup,91
169970,1 cup,91
169971,1 cup,91
169972,1 cup,91
169973,1 cup,91
169974,1 cup,91
169975,1 cup,91
169976,1 cup,91
169977,1 cup,91
169978,1 cup,91
169979,1 cup,91
169980,1 cup,91
169983,1 cup,91
169984,1 cup,91
169985,1 cup,91
169986,1 cup,91
169988,1 cup,91
169989,1 cup,91
169990,1 cup,91
169991,1 cup,91
169992,1 cup,91
169994,1 cup,91
169996,1 cup,91
169998,1 cup,91
169999,1 cup,91
170000,1 cup,91
170001,1 cup,91
170002,1 tbsp,5
170003,1 cup,91
170004,1 cup,91
170005,1 cup,91
170007,1 cup,91
170008,1 cup,91
170010,1 cup,91
170011,1 cup,91
170012,1 cup,91
170013,1 cup,91
170014,1 cup,91
170015,1 cup,91
170016,1 cup,91
170017,1 cup,91
170018,1 cup,91
170019,1 cup,91
170020,1 cup,91
170021,1 cup,91
170022,1 cup,91
170023,1 cup,91
170024,1 cup,91
170026,1 cup,91
170028,1 cup,91
170029,1 cup,91
170030,1 cup,91
170033,1 cup,91
170036,1 cup,91
170037,1 cup,91
170038,1 cup,91
170039,1 cup,200
170040,1 cup,91
170041,1 cup,200
170042,1 cup,91
170043,1 cup,91
170044,1 cup,91
170047,1 cup,91
170048,1 cup,91
170049,1 cup,91
170050,1 cup,91
170051,1 cup,91
170052,1 cup,91
170054,1 cup,91
170055,1 cup,91
170056,1 cup,91
170057,1 cup,91
170058,1 cup,91
170059,1 cup,91
170060,1 cup,91
170061,1 cup,91
170062,1 cup,91
170063,1 cup,91
170064,1 cup,91
170065,1 cup,91
170068,1 cup,91
170070,1 cup,91
170071,1 cup,91
170072,1 cup,91
170075,1 tbsp,0.2
170079,1 cup,91
170080,1 cup,91
170081,1 cup,91
170082,1 tbsp,0.9
170083,1 cup,91
170084,1 cup,91
170085,1 cup,91
170086,1 cup,91
170087,1 cup,91
170088,1 cup,91
170089,1 cup,91
170091,not provided,100
170092,1 medium pancake,37
170093,1 cup,91
170094,1 cup,91
170096,1 cup,91
170097,1 cup,91
170098,1 cup,91
170099,1 cup,91
170100,1 cup,91
170101,1 cup,91
170102,1 cup,91
170103,1 cup,91
170104,1 cup,91
170105,1 cup,91
170106,1 cup,91
170107,1 cup,91
170108,1 cup,91
170109,1 cup,91
170110,1 cup,91
170111,1 cup,91
170112,1 cup,91
170114,1 cup,91
170116,1 cup,91
170117,1 cup,91
170120,1 cup,91
170121,1 cup,91
170122,1 cup,91
170123,1 cup,91
170124,1 cup,91
170125,1 cup,91
170126,1 cup,91
170127,1 cup,91
170128,1 cup,91
170129,1 cup,91
170130,1 cup,91
170131,1 cup,91
170134,1 cup,91
170137,1 cup,91
170138,1 cup,91
170139,1 cup,91
170140,1 cup,91
170141,1 cup,91
170142,1 cup,91
170143,1 cup,91
170375,1 cup,91
170376,1 cup,91
170377,1 cup,91
170378,1 cup,91
170379,1 cup,91
170380,1 cup,91
170381,1 cup,91
170382,1 cup,91
170383,1 cup,91
170384,1 cup,91
170388,1 cup,91
170389,1 cup,91
170390,1 cup,91
170391,1 cup,91
170393,1 cup,91
170394,1 cup,91
170395,1 cup,91
170396,1 cup,91
170397,1 cup,91
170398,1 cup,91
170399,1 cup,91
170401,1 cup,91
170402,1 cup,91
170403,1 cup,91
170404,1 cup,91
170406,1 cup,91
170407,1 cup,91
170408,1 cup,91
170409,1 cup,91
170410,1 cup,91
170411,1 cup,91
170412,1 cup,91
170413,1 cup,91
170414,1 cup,91
170415,1 cup,91
170416,1 cup,91
170418,1 cup,91
170419,1 cup,91
170420,1 cup,91
170421,1 cup,91
170424,1 cup,91
170425,1 cup,91
170426,1 cup,91
170427,1 cup,91
170428,1 cup,91
170429,1 cup,91
170434,1 cup,91
170435,1 cup,91
170436,1 cup,91
170437,1 cup,91
170438,1 cup,91
170440,1 cup,91
170441,1 cup,91
170442,1 cup,245
170443,1 cup,91
170444,1 cup,91
170445,1 cup,60
170446,1 cup,91
170451,1 cup,91
170452,1 cup,91
170453,1 cup,91
170454,1 cup,91
170456,1 cup,91
170457,1 cup,91
170459,1 cup,91
170460,1 cup,91
170461,not provided,100
170462,1 cup,91
170463,1 cup,91
170465,1 cup,91
170466,1 cup,91
170467,1 cup,91
170468,1 cup,91
170469,1 cup,91
170470,1 cup,91
170471,1 cup,91
170472,1 cup,91
170473,1 cup,91
170474,1 cup,91
170478,1 cup,91
170479,1 cup,91
170480,1 cup,91
170485,1 tbsp,0.2
170487,1 cup,91
170488,1 cup,91
170489,1 cup,91
170490,1 cup,91
170492,1 cup,91
170493,1 cup,91
170494,1 cup,91
170495,1 tbsp,7
170496,1 cup,91
170497,1 cup,91
170498,1 cup,91
170499,1 cup,91
170500,0.5 cup,37
170501,1 cup,91
170502,1 cup,91
170504,1 cup,91
170507,1 cup,91
170509,1 cup,91
170510,1 cup,91
170512,1 cup,91
170513,1 cup,91
170514,1 cup,91
170515,1 cup,91
170516,1 cup,91
170520,1 cup,91
170521,1 cup,91
170522,1 cup,91
170524,1 cup,245
170525,1 cup,91
170526,1 cup,91
170527,1 cup,91
170530,1 cup,91
170531,1 cup,91
170532,1 cup,91
170533,1 cup,91
170534,1 cup,91
170535,1 cup,91
170536,1 cup,91
170537,1 cup,91
170538,1 cup,91
170539,1 cup,91
170540,1 cup,91
170541,1 cup,91
170542,1 cup,91
170543,1 cup,91
170544,1 cup,91
170545,1 cup,91
170546,1 cup,91
170547,1 cup,91
170548,1 cup,91
170551,1 cup,91
